ISO-10303-21;
HEADER;
/* Generated by software containing ST-Developer
 * from STEP Tools, Inc. (www.steptools.com) 
 */

FILE_DESCRIPTION(
/* description */ (''),
/* implementation_level */ '2;1');

FILE_NAME(
/* name */ 'Skateboard on eggs updated.step',
/* time_stamp */ '2026-03-24T12:43:29+01:00',
/* author */ (''),
/* organization */ (''),
/* preprocessor_version */ 'ST-DEVELOPER v20.1',
/* originating_system */ 'Autodesk Translation Framework v14.24.0.0',
/* authorisation */ '');

FILE_SCHEMA (('AUTOMOTIVE_DESIGN { 1 0 10303 214 3 1 1 }'));
ENDSEC;

DATA;
#10=MECHANICAL_DESIGN_GEOMETRIC_PRESENTATION_REPRESENTATION('',(#13,#14,
#15),#3717);
#11=SHAPE_REPRESENTATION_RELATIONSHIP('SRR','None',#3724,#12);
#12=ADVANCED_BREP_SHAPE_REPRESENTATION('',(#16,#17,#18),#3716);
#13=STYLED_ITEM('',(#3734),#16);
#14=STYLED_ITEM('',(#3734),#17);
#15=STYLED_ITEM('',(#3733),#18);
#16=MANIFOLD_SOLID_BREP('Corps1',#2111);
#17=MANIFOLD_SOLID_BREP('Corps2',#2112);
#18=MANIFOLD_SOLID_BREP('Corps3',#2113);
#19=B_SPLINE_CURVE_WITH_KNOTS('',3,(#3153,#3154,#3155,#3156,#3157,#3158,
#3159,#3160,#3161,#3162,#3163,#3164,#3165,#3166,#3167,#3168,#3169,#3170,
#3171,#3172),.UNSPECIFIED.,.F.,.F.,(4,2,2,2,2,2,2,2,2,4),(-33.3452324478569,
-29.2374455303433,-25.1103659508095,-20.8914072107538,-16.6642806194011,
-12.8795856257742,-8.88178953704506,-5.00069606259695,-2.31681328225045,
0.),.UNSPECIFIED.);
#20=B_SPLINE_CURVE_WITH_KNOTS('',3,(#3197,#3198,#3199,#3200,#3201,#3202,
#3203,#3204,#3205,#3206),.UNSPECIFIED.,.F.,.F.,(4,2,2,2,4),(-9.33233823320924,
-7.16085753175481,-4.67204906116994,-2.42620081919078,-9.999999992516E-7),
 .UNSPECIFIED.);
#21=B_SPLINE_CURVE_WITH_KNOTS('',3,(#3211,#3212,#3213,#3214,#3215,#3216,
#3217,#3218,#3219,#3220),.UNSPECIFIED.,.F.,.F.,(4,2,2,2,4),(-9.33154355933398,
-6.99891230865285,-4.65987333467671,-2.27591353080733,0.),.UNSPECIFIED.);
#22=B_SPLINE_CURVE_WITH_KNOTS('',3,(#3223,#3224,#3225,#3226,#3227,#3228,
#3229,#3230,#3231,#3232),.UNSPECIFIED.,.F.,.F.,(4,2,2,2,4),(9.99999999720244E-7,
2.97766703155836,6.00627912613508,8.90701951996819,12.0066200870464),
 .UNSPECIFIED.);
#23=B_SPLINE_CURVE_WITH_KNOTS('',3,(#3476,#3477,#3478,#3479,#3480,#3481,
#3482,#3483,#3484,#3485,#3486,#3487,#3488,#3489,#3490,#3491,#3492,#3493,
#3494,#3495),.UNSPECIFIED.,.F.,.F.,(4,2,2,2,2,2,2,2,2,4),(-33.3452324478569,
-29.2374455303433,-25.1103659508095,-20.8914072107538,-16.6642806194011,
-12.8795856257742,-8.88178953704506,-5.00069606259695,-2.31681328225045,
0.),.UNSPECIFIED.);
#24=B_SPLINE_CURVE_WITH_KNOTS('',3,(#3521,#3522,#3523,#3524,#3525,#3526,
#3527,#3528,#3529,#3530),.UNSPECIFIED.,.F.,.F.,(4,2,2,2,4),(-9.33233823320924,
-7.16085753175481,-4.67204906116994,-2.42620081919078,-9.999999992516E-7),
 .UNSPECIFIED.);
#25=B_SPLINE_CURVE_WITH_KNOTS('',3,(#3534,#3535,#3536,#3537,#3538,#3539,
#3540,#3541,#3542,#3543),.UNSPECIFIED.,.F.,.F.,(4,2,2,2,4),(-9.33154355933398,
-6.99891230865285,-4.65987333467671,-2.27591353080733,0.),.UNSPECIFIED.);
#26=B_SPLINE_CURVE_WITH_KNOTS('',3,(#3547,#3548,#3549,#3550,#3551,#3552,
#3553,#3554,#3555,#3556),.UNSPECIFIED.,.F.,.F.,(4,2,2,2,4),(9.99999999720244E-7,
2.97766703155836,6.00627912613508,8.90701951996819,12.0066200870464),
 .UNSPECIFIED.);
#27=ELLIPSE('',#2209,450.,330.);
#28=ELLIPSE('',#2210,450.,330.);
#29=ELLIPSE('',#2211,450.,330.);
#30=ELLIPSE('',#2212,450.,330.);
#31=ELLIPSE('',#2214,420.,300.);
#32=ELLIPSE('',#2215,420.,300.);
#33=ELLIPSE('',#2219,420.,300.);
#34=ELLIPSE('',#2221,420.,300.);
#35=ELLIPSE('',#2305,450.,330.);
#36=ELLIPSE('',#2306,450.,330.);
#37=ELLIPSE('',#2307,450.,330.);
#38=ELLIPSE('',#2308,450.,330.);
#39=ELLIPSE('',#2310,420.,300.);
#40=ELLIPSE('',#2311,420.,300.);
#41=ELLIPSE('',#2315,420.,300.);
#42=ELLIPSE('',#2317,420.,300.);
#43=(
BOUNDED_SURFACE()
B_SPLINE_SURFACE(2,1,((#3125,#3126),(#3127,#3128),(#3129,#3130)),
 .UNSPECIFIED.,.F.,.F.,.F.)
B_SPLINE_SURFACE_WITH_KNOTS((3,3),(2,2),(-2.94481318595159,-1.59302037841316),
(0.,9.6),.UNSPECIFIED.)
GEOMETRIC_REPRESENTATION_ITEM()
RATIONAL_B_SPLINE_SURFACE(((1.,1.),(0.78014647723288,0.78014647723288),
(1.,1.)))
REPRESENTATION_ITEM('')
SURFACE()
);
#44=(
BOUNDED_SURFACE()
B_SPLINE_SURFACE(2,2,((#3136,#3137,#3138,#3139,#3140),(#3141,#3142,#3143,
#3144,#3145),(#3146,#3147,#3148,#3149,#3150)),.UNSPECIFIED.,.F.,.F.,.F.)
B_SPLINE_SURFACE_WITH_KNOTS((3,3),(3,2,3),(3.14159265358979,4.71238898038469),
(0.,1.5707963267949,3.14159265358979),.UNSPECIFIED.)
GEOMETRIC_REPRESENTATION_ITEM()
RATIONAL_B_SPLINE_SURFACE(((1.,0.707106781186548,1.,0.707106781186548,1.),
(0.707106781186548,0.5,0.707106781186548,0.5,0.707106781186548),(1.,0.707106781186548,
1.,0.707106781186548,1.)))
REPRESENTATION_ITEM('')
SURFACE()
);
#45=(
BOUNDED_SURFACE()
B_SPLINE_SURFACE(2,1,((#3173,#3174),(#3175,#3176),(#3177,#3178)),
 .UNSPECIFIED.,.F.,.F.,.F.)
B_SPLINE_SURFACE_WITH_KNOTS((3,3),(2,2),(1.59302037841316,2.68762734123457),
(0.,9.6),.UNSPECIFIED.)
GEOMETRIC_REPRESENTATION_ITEM()
RATIONAL_B_SPLINE_SURFACE(((1.,1.),(0.853930856739051,0.853930856739051),
(1.,1.)))
REPRESENTATION_ITEM('')
SURFACE()
);
#46=(
BOUNDED_SURFACE()
B_SPLINE_SURFACE(2,2,((#3233,#3234,#3235,#3236,#3237),(#3238,#3239,#3240,
#3241,#3242),(#3243,#3244,#3245,#3246,#3247)),.UNSPECIFIED.,.F.,.F.,.F.)
B_SPLINE_SURFACE_WITH_KNOTS((3,3),(3,2,3),(-1.5707963267949,1.22464679914735E-16),
(0.,1.5707963267949,3.14159265358979),.UNSPECIFIED.)
GEOMETRIC_REPRESENTATION_ITEM()
RATIONAL_B_SPLINE_SURFACE(((1.,0.707106781186548,1.,0.707106781186548,1.),
(0.707106781186548,0.5,0.707106781186548,0.5,0.707106781186548),(1.,0.707106781186548,
1.,0.707106781186548,1.)))
REPRESENTATION_ITEM('')
SURFACE()
);
#47=(
BOUNDED_SURFACE()
B_SPLINE_SURFACE(2,1,((#3253,#3254),(#3255,#3256),(#3257,#3258)),
 .UNSPECIFIED.,.F.,.F.,.F.)
B_SPLINE_SURFACE_WITH_KNOTS((3,3),(2,2),(1.5707963267949,2.67908694178583),
(0.,9.6),.UNSPECIFIED.)
GEOMETRIC_REPRESENTATION_ITEM()
RATIONAL_B_SPLINE_SURFACE(((1.,1.),(0.850350504278186,0.850350504278186),
(1.,1.)))
REPRESENTATION_ITEM('')
SURFACE()
);
#48=(
BOUNDED_SURFACE()
B_SPLINE_SURFACE(2,1,((#3260,#3261),(#3262,#3263),(#3264,#3265)),
 .UNSPECIFIED.,.F.,.F.,.F.)
B_SPLINE_SURFACE_WITH_KNOTS((3,3),(2,2),(-2.92966323493415,-1.5707963267949),
(0.,9.6),.UNSPECIFIED.)
GEOMETRIC_REPRESENTATION_ITEM()
RATIONAL_B_SPLINE_SURFACE(((1.,1.),(0.777928834070253,0.777928834070253),
(1.,1.)))
REPRESENTATION_ITEM('')
SURFACE()
);
#49=(
BOUNDED_SURFACE()
B_SPLINE_SURFACE(2,1,((#3449,#3450),(#3451,#3452),(#3453,#3454)),
 .UNSPECIFIED.,.F.,.F.,.F.)
B_SPLINE_SURFACE_WITH_KNOTS((3,3),(2,2),(-2.94481318595159,-1.59302037841316),
(0.,9.6),.UNSPECIFIED.)
GEOMETRIC_REPRESENTATION_ITEM()
RATIONAL_B_SPLINE_SURFACE(((1.,1.),(0.78014647723288,0.78014647723288),
(1.,1.)))
REPRESENTATION_ITEM('')
SURFACE()
);
#50=(
BOUNDED_SURFACE()
B_SPLINE_SURFACE(2,2,((#3460,#3461,#3462,#3463,#3464),(#3465,#3466,#3467,
#3468,#3469),(#3470,#3471,#3472,#3473,#3474)),.UNSPECIFIED.,.F.,.F.,.F.)
B_SPLINE_SURFACE_WITH_KNOTS((3,3),(3,2,3),(3.14159265358979,4.71238898038469),
(0.,1.5707963267949,3.14159265358979),.UNSPECIFIED.)
GEOMETRIC_REPRESENTATION_ITEM()
RATIONAL_B_SPLINE_SURFACE(((1.,0.707106781186548,1.,0.707106781186548,1.),
(0.707106781186548,0.5,0.707106781186548,0.5,0.707106781186548),(1.,0.707106781186548,
1.,0.707106781186548,1.)))
REPRESENTATION_ITEM('')
SURFACE()
);
#51=(
BOUNDED_SURFACE()
B_SPLINE_SURFACE(2,1,((#3497,#3498),(#3499,#3500),(#3501,#3502)),
 .UNSPECIFIED.,.F.,.F.,.F.)
B_SPLINE_SURFACE_WITH_KNOTS((3,3),(2,2),(1.59302037841316,2.68762734123457),
(0.,9.6),.UNSPECIFIED.)
GEOMETRIC_REPRESENTATION_ITEM()
RATIONAL_B_SPLINE_SURFACE(((1.,1.),(0.853930856739051,0.853930856739051),
(1.,1.)))
REPRESENTATION_ITEM('')
SURFACE()
);
#52=(
BOUNDED_SURFACE()
B_SPLINE_SURFACE(2,2,((#3557,#3558,#3559,#3560,#3561),(#3562,#3563,#3564,
#3565,#3566),(#3567,#3568,#3569,#3570,#3571)),.UNSPECIFIED.,.F.,.F.,.F.)
B_SPLINE_SURFACE_WITH_KNOTS((3,3),(3,2,3),(-1.5707963267949,1.22464679914735E-16),
(0.,1.5707963267949,3.14159265358979),.UNSPECIFIED.)
GEOMETRIC_REPRESENTATION_ITEM()
RATIONAL_B_SPLINE_SURFACE(((1.,0.707106781186548,1.,0.707106781186548,1.),
(0.707106781186548,0.5,0.707106781186548,0.5,0.707106781186548),(1.,0.707106781186548,
1.,0.707106781186548,1.)))
REPRESENTATION_ITEM('')
SURFACE()
);
#53=(
BOUNDED_SURFACE()
B_SPLINE_SURFACE(2,1,((#3577,#3578),(#3579,#3580),(#3581,#3582)),
 .UNSPECIFIED.,.F.,.F.,.F.)
B_SPLINE_SURFACE_WITH_KNOTS((3,3),(2,2),(1.5707963267949,2.67908694178583),
(0.,9.6),.UNSPECIFIED.)
GEOMETRIC_REPRESENTATION_ITEM()
RATIONAL_B_SPLINE_SURFACE(((1.,1.),(0.850350504278186,0.850350504278186),
(1.,1.)))
REPRESENTATION_ITEM('')
SURFACE()
);
#54=(
BOUNDED_SURFACE()
B_SPLINE_SURFACE(2,1,((#3584,#3585),(#3586,#3587),(#3588,#3589)),
 .UNSPECIFIED.,.F.,.F.,.F.)
B_SPLINE_SURFACE_WITH_KNOTS((3,3),(2,2),(-2.92966323493415,-1.5707963267949),
(0.,9.6),.UNSPECIFIED.)
GEOMETRIC_REPRESENTATION_ITEM()
RATIONAL_B_SPLINE_SURFACE(((1.,1.),(0.777928834070253,0.777928834070253),
(1.,1.)))
REPRESENTATION_ITEM('')
SURFACE()
);
#55=FACE_BOUND('',#316,.T.);
#56=FACE_BOUND('',#317,.T.);
#57=FACE_BOUND('',#318,.T.);
#58=FACE_BOUND('',#319,.T.);
#59=FACE_BOUND('',#320,.T.);
#60=FACE_BOUND('',#321,.T.);
#61=FACE_BOUND('',#322,.T.);
#62=FACE_BOUND('',#323,.T.);
#63=FACE_BOUND('',#324,.T.);
#64=FACE_BOUND('',#325,.T.);
#65=FACE_BOUND('',#326,.T.);
#66=FACE_BOUND('',#327,.T.);
#67=FACE_BOUND('',#328,.T.);
#68=FACE_BOUND('',#329,.T.);
#69=FACE_BOUND('',#330,.T.);
#70=FACE_BOUND('',#336,.T.);
#71=FACE_BOUND('',#337,.T.);
#72=FACE_BOUND('',#338,.T.);
#73=FACE_BOUND('',#339,.T.);
#74=FACE_BOUND('',#340,.T.);
#75=FACE_BOUND('',#341,.T.);
#76=FACE_BOUND('',#342,.T.);
#77=FACE_BOUND('',#343,.T.);
#78=FACE_BOUND('',#344,.T.);
#79=FACE_BOUND('',#346,.T.);
#80=FACE_BOUND('',#347,.T.);
#81=FACE_BOUND('',#348,.T.);
#82=FACE_BOUND('',#349,.T.);
#83=FACE_BOUND('',#350,.T.);
#84=FACE_BOUND('',#351,.T.);
#85=FACE_BOUND('',#352,.T.);
#86=FACE_BOUND('',#353,.T.);
#87=FACE_BOUND('',#354,.T.);
#88=FACE_BOUND('',#360,.T.);
#89=FACE_BOUND('',#361,.T.);
#90=FACE_BOUND('',#362,.T.);
#91=FACE_BOUND('',#363,.T.);
#92=FACE_BOUND('',#364,.T.);
#93=FACE_BOUND('',#365,.T.);
#94=FACE_BOUND('',#366,.T.);
#95=FACE_BOUND('',#367,.T.);
#96=FACE_BOUND('',#368,.T.);
#97=FACE_BOUND('',#369,.T.);
#98=FACE_BOUND('',#370,.T.);
#99=FACE_BOUND('',#371,.T.);
#100=FACE_BOUND('',#372,.T.);
#101=FACE_BOUND('',#373,.T.);
#102=FACE_BOUND('',#374,.T.);
#103=FACE_BOUND('',#404,.T.);
#104=FACE_BOUND('',#405,.T.);
#105=FACE_BOUND('',#406,.T.);
#106=FACE_BOUND('',#407,.T.);
#107=FACE_BOUND('',#408,.T.);
#108=FACE_BOUND('',#409,.T.);
#109=FACE_BOUND('',#410,.T.);
#110=FACE_BOUND('',#411,.T.);
#111=FACE_BOUND('',#412,.T.);
#112=FACE_BOUND('',#413,.T.);
#113=FACE_BOUND('',#414,.T.);
#114=FACE_BOUND('',#415,.T.);
#115=FACE_BOUND('',#416,.T.);
#116=FACE_BOUND('',#417,.T.);
#117=FACE_BOUND('',#418,.T.);
#118=FACE_BOUND('',#424,.T.);
#119=FACE_BOUND('',#425,.T.);
#120=FACE_BOUND('',#426,.T.);
#121=FACE_BOUND('',#427,.T.);
#122=FACE_BOUND('',#428,.T.);
#123=FACE_BOUND('',#429,.T.);
#124=FACE_BOUND('',#430,.T.);
#125=FACE_BOUND('',#431,.T.);
#126=FACE_BOUND('',#432,.T.);
#127=FACE_BOUND('',#434,.T.);
#128=FACE_BOUND('',#435,.T.);
#129=FACE_BOUND('',#436,.T.);
#130=FACE_BOUND('',#437,.T.);
#131=FACE_BOUND('',#438,.T.);
#132=FACE_BOUND('',#439,.T.);
#133=FACE_BOUND('',#440,.T.);
#134=FACE_BOUND('',#441,.T.);
#135=FACE_BOUND('',#442,.T.);
#136=FACE_BOUND('',#448,.T.);
#137=FACE_BOUND('',#449,.T.);
#138=FACE_BOUND('',#450,.T.);
#139=FACE_BOUND('',#451,.T.);
#140=FACE_BOUND('',#452,.T.);
#141=FACE_BOUND('',#453,.T.);
#142=FACE_BOUND('',#454,.T.);
#143=FACE_BOUND('',#455,.T.);
#144=FACE_BOUND('',#456,.T.);
#145=FACE_BOUND('',#457,.T.);
#146=FACE_BOUND('',#458,.T.);
#147=FACE_BOUND('',#459,.T.);
#148=FACE_BOUND('',#460,.T.);
#149=FACE_BOUND('',#461,.T.);
#150=FACE_BOUND('',#462,.T.);
#151=PLANE('',#2205);
#152=PLANE('',#2206);
#153=PLANE('',#2207);
#154=PLANE('',#2213);
#155=PLANE('',#2216);
#156=PLANE('',#2217);
#157=PLANE('',#2218);
#158=PLANE('',#2222);
#159=PLANE('',#2301);
#160=PLANE('',#2302);
#161=PLANE('',#2303);
#162=PLANE('',#2309);
#163=PLANE('',#2312);
#164=PLANE('',#2313);
#165=PLANE('',#2314);
#166=PLANE('',#2318);
#167=PLANE('',#2319);
#168=PLANE('',#2323);
#169=PLANE('',#2324);
#170=PLANE('',#2325);
#171=PLANE('',#2329);
#172=PLANE('',#2330);
#173=PLANE('',#2331);
#174=PLANE('',#2332);
#175=PLANE('',#2333);
#176=PLANE('',#2337);
#177=PLANE('',#2338);
#178=PLANE('',#2339);
#179=PLANE('',#2343);
#180=PLANE('',#2344);
#181=PLANE('',#2345);
#182=PLANE('',#2346);
#183=PLANE('',#2347);
#184=PLANE('',#2348);
#185=FACE_OUTER_BOUND('',#287,.T.);
#186=FACE_OUTER_BOUND('',#288,.T.);
#187=FACE_OUTER_BOUND('',#289,.T.);
#188=FACE_OUTER_BOUND('',#290,.T.);
#189=FACE_OUTER_BOUND('',#291,.T.);
#190=FACE_OUTER_BOUND('',#292,.T.);
#191=FACE_OUTER_BOUND('',#293,.T.);
#192=FACE_OUTER_BOUND('',#294,.T.);
#193=FACE_OUTER_BOUND('',#295,.T.);
#194=FACE_OUTER_BOUND('',#296,.T.);
#195=FACE_OUTER_BOUND('',#297,.T.);
#196=FACE_OUTER_BOUND('',#298,.T.);
#197=FACE_OUTER_BOUND('',#299,.T.);
#198=FACE_OUTER_BOUND('',#300,.T.);
#199=FACE_OUTER_BOUND('',#301,.T.);
#200=FACE_OUTER_BOUND('',#302,.T.);
#201=FACE_OUTER_BOUND('',#303,.T.);
#202=FACE_OUTER_BOUND('',#304,.T.);
#203=FACE_OUTER_BOUND('',#305,.T.);
#204=FACE_OUTER_BOUND('',#306,.T.);
#205=FACE_OUTER_BOUND('',#307,.T.);
#206=FACE_OUTER_BOUND('',#308,.T.);
#207=FACE_OUTER_BOUND('',#309,.T.);
#208=FACE_OUTER_BOUND('',#310,.T.);
#209=FACE_OUTER_BOUND('',#311,.T.);
#210=FACE_OUTER_BOUND('',#312,.T.);
#211=FACE_OUTER_BOUND('',#313,.T.);
#212=FACE_OUTER_BOUND('',#314,.T.);
#213=FACE_OUTER_BOUND('',#315,.T.);
#214=FACE_OUTER_BOUND('',#331,.T.);
#215=FACE_OUTER_BOUND('',#332,.T.);
#216=FACE_OUTER_BOUND('',#333,.T.);
#217=FACE_OUTER_BOUND('',#334,.T.);
#218=FACE_OUTER_BOUND('',#335,.T.);
#219=FACE_OUTER_BOUND('',#345,.T.);
#220=FACE_OUTER_BOUND('',#355,.T.);
#221=FACE_OUTER_BOUND('',#356,.T.);
#222=FACE_OUTER_BOUND('',#357,.T.);
#223=FACE_OUTER_BOUND('',#358,.T.);
#224=FACE_OUTER_BOUND('',#359,.T.);
#225=FACE_OUTER_BOUND('',#375,.T.);
#226=FACE_OUTER_BOUND('',#376,.T.);
#227=FACE_OUTER_BOUND('',#377,.T.);
#228=FACE_OUTER_BOUND('',#378,.T.);
#229=FACE_OUTER_BOUND('',#379,.T.);
#230=FACE_OUTER_BOUND('',#380,.T.);
#231=FACE_OUTER_BOUND('',#381,.T.);
#232=FACE_OUTER_BOUND('',#382,.T.);
#233=FACE_OUTER_BOUND('',#383,.T.);
#234=FACE_OUTER_BOUND('',#384,.T.);
#235=FACE_OUTER_BOUND('',#385,.T.);
#236=FACE_OUTER_BOUND('',#386,.T.);
#237=FACE_OUTER_BOUND('',#387,.T.);
#238=FACE_OUTER_BOUND('',#388,.T.);
#239=FACE_OUTER_BOUND('',#389,.T.);
#240=FACE_OUTER_BOUND('',#390,.T.);
#241=FACE_OUTER_BOUND('',#391,.T.);
#242=FACE_OUTER_BOUND('',#392,.T.);
#243=FACE_OUTER_BOUND('',#393,.T.);
#244=FACE_OUTER_BOUND('',#394,.T.);
#245=FACE_OUTER_BOUND('',#395,.T.);
#246=FACE_OUTER_BOUND('',#396,.T.);
#247=FACE_OUTER_BOUND('',#397,.T.);
#248=FACE_OUTER_BOUND('',#398,.T.);
#249=FACE_OUTER_BOUND('',#399,.T.);
#250=FACE_OUTER_BOUND('',#400,.T.);
#251=FACE_OUTER_BOUND('',#401,.T.);
#252=FACE_OUTER_BOUND('',#402,.T.);
#253=FACE_OUTER_BOUND('',#403,.T.);
#254=FACE_OUTER_BOUND('',#419,.T.);
#255=FACE_OUTER_BOUND('',#420,.T.);
#256=FACE_OUTER_BOUND('',#421,.T.);
#257=FACE_OUTER_BOUND('',#422,.T.);
#258=FACE_OUTER_BOUND('',#423,.T.);
#259=FACE_OUTER_BOUND('',#433,.T.);
#260=FACE_OUTER_BOUND('',#443,.T.);
#261=FACE_OUTER_BOUND('',#444,.T.);
#262=FACE_OUTER_BOUND('',#445,.T.);
#263=FACE_OUTER_BOUND('',#446,.T.);
#264=FACE_OUTER_BOUND('',#447,.T.);
#265=FACE_OUTER_BOUND('',#463,.T.);
#266=FACE_OUTER_BOUND('',#464,.T.);
#267=FACE_OUTER_BOUND('',#465,.T.);
#268=FACE_OUTER_BOUND('',#466,.T.);
#269=FACE_OUTER_BOUND('',#467,.T.);
#270=FACE_OUTER_BOUND('',#468,.T.);
#271=FACE_OUTER_BOUND('',#469,.T.);
#272=FACE_OUTER_BOUND('',#470,.T.);
#273=FACE_OUTER_BOUND('',#471,.T.);
#274=FACE_OUTER_BOUND('',#472,.T.);
#275=FACE_OUTER_BOUND('',#473,.T.);
#276=FACE_OUTER_BOUND('',#474,.T.);
#277=FACE_OUTER_BOUND('',#475,.T.);
#278=FACE_OUTER_BOUND('',#476,.T.);
#279=FACE_OUTER_BOUND('',#477,.T.);
#280=FACE_OUTER_BOUND('',#478,.T.);
#281=FACE_OUTER_BOUND('',#479,.T.);
#282=FACE_OUTER_BOUND('',#480,.T.);
#283=FACE_OUTER_BOUND('',#481,.T.);
#284=FACE_OUTER_BOUND('',#482,.T.);
#285=FACE_OUTER_BOUND('',#483,.T.);
#286=FACE_OUTER_BOUND('',#484,.T.);
#287=EDGE_LOOP('',(#1377,#1378,#1379,#1380));
#288=EDGE_LOOP('',(#1381,#1382,#1383,#1384));
#289=EDGE_LOOP('',(#1385,#1386,#1387,#1388));
#290=EDGE_LOOP('',(#1389,#1390,#1391,#1392));
#291=EDGE_LOOP('',(#1393,#1394,#1395,#1396));
#292=EDGE_LOOP('',(#1397,#1398,#1399,#1400));
#293=EDGE_LOOP('',(#1401,#1402,#1403,#1404));
#294=EDGE_LOOP('',(#1405,#1406,#1407,#1408));
#295=EDGE_LOOP('',(#1409,#1410,#1411,#1412));
#296=EDGE_LOOP('',(#1413,#1414,#1415,#1416));
#297=EDGE_LOOP('',(#1417,#1418,#1419,#1420));
#298=EDGE_LOOP('',(#1421,#1422,#1423,#1424));
#299=EDGE_LOOP('',(#1425,#1426,#1427,#1428));
#300=EDGE_LOOP('',(#1429,#1430,#1431,#1432));
#301=EDGE_LOOP('',(#1433,#1434,#1435,#1436));
#302=EDGE_LOOP('',(#1437,#1438,#1439,#1440));
#303=EDGE_LOOP('',(#1441,#1442,#1443,#1444));
#304=EDGE_LOOP('',(#1445,#1446,#1447,#1448));
#305=EDGE_LOOP('',(#1449,#1450,#1451,#1452));
#306=EDGE_LOOP('',(#1453,#1454,#1455,#1456));
#307=EDGE_LOOP('',(#1457,#1458,#1459,#1460));
#308=EDGE_LOOP('',(#1461,#1462,#1463,#1464));
#309=EDGE_LOOP('',(#1465,#1466,#1467,#1468));
#310=EDGE_LOOP('',(#1469,#1470,#1471,#1472));
#311=EDGE_LOOP('',(#1473,#1474,#1475,#1476));
#312=EDGE_LOOP('',(#1477,#1478,#1479,#1480));
#313=EDGE_LOOP('',(#1481,#1482,#1483,#1484));
#314=EDGE_LOOP('',(#1485,#1486,#1487,#1488));
#315=EDGE_LOOP('',(#1489,#1490,#1491,#1492,#1493,#1494,#1495,#1496));
#316=EDGE_LOOP('',(#1497,#1498));
#317=EDGE_LOOP('',(#1499));
#318=EDGE_LOOP('',(#1500));
#319=EDGE_LOOP('',(#1501));
#320=EDGE_LOOP('',(#1502));
#321=EDGE_LOOP('',(#1503));
#322=EDGE_LOOP('',(#1504));
#323=EDGE_LOOP('',(#1505));
#324=EDGE_LOOP('',(#1506));
#325=EDGE_LOOP('',(#1507));
#326=EDGE_LOOP('',(#1508));
#327=EDGE_LOOP('',(#1509));
#328=EDGE_LOOP('',(#1510));
#329=EDGE_LOOP('',(#1511));
#330=EDGE_LOOP('',(#1512));
#331=EDGE_LOOP('',(#1513,#1514,#1515,#1516));
#332=EDGE_LOOP('',(#1517,#1518,#1519,#1520));
#333=EDGE_LOOP('',(#1521,#1522,#1523,#1524));
#334=EDGE_LOOP('',(#1525,#1526,#1527,#1528,#1529,#1530,#1531,#1532,#1533,
#1534,#1535,#1536));
#335=EDGE_LOOP('',(#1537,#1538,#1539,#1540));
#336=EDGE_LOOP('',(#1541));
#337=EDGE_LOOP('',(#1542));
#338=EDGE_LOOP('',(#1543));
#339=EDGE_LOOP('',(#1544));
#340=EDGE_LOOP('',(#1545));
#341=EDGE_LOOP('',(#1546));
#342=EDGE_LOOP('',(#1547));
#343=EDGE_LOOP('',(#1548));
#344=EDGE_LOOP('',(#1549));
#345=EDGE_LOOP('',(#1550,#1551,#1552,#1553,#1554,#1555));
#346=EDGE_LOOP('',(#1556));
#347=EDGE_LOOP('',(#1557));
#348=EDGE_LOOP('',(#1558));
#349=EDGE_LOOP('',(#1559));
#350=EDGE_LOOP('',(#1560));
#351=EDGE_LOOP('',(#1561));
#352=EDGE_LOOP('',(#1562));
#353=EDGE_LOOP('',(#1563));
#354=EDGE_LOOP('',(#1564));
#355=EDGE_LOOP('',(#1565,#1566));
#356=EDGE_LOOP('',(#1567,#1568,#1569,#1570,#1571,#1572));
#357=EDGE_LOOP('',(#1573,#1574,#1575,#1576));
#358=EDGE_LOOP('',(#1577,#1578,#1579,#1580));
#359=EDGE_LOOP('',(#1581,#1582,#1583,#1584,#1585,#1586,#1587,#1588));
#360=EDGE_LOOP('',(#1589,#1590));
#361=EDGE_LOOP('',(#1591));
#362=EDGE_LOOP('',(#1592));
#363=EDGE_LOOP('',(#1593));
#364=EDGE_LOOP('',(#1594));
#365=EDGE_LOOP('',(#1595));
#366=EDGE_LOOP('',(#1596));
#367=EDGE_LOOP('',(#1597));
#368=EDGE_LOOP('',(#1598));
#369=EDGE_LOOP('',(#1599));
#370=EDGE_LOOP('',(#1600));
#371=EDGE_LOOP('',(#1601));
#372=EDGE_LOOP('',(#1602));
#373=EDGE_LOOP('',(#1603));
#374=EDGE_LOOP('',(#1604));
#375=EDGE_LOOP('',(#1605,#1606,#1607,#1608));
#376=EDGE_LOOP('',(#1609,#1610,#1611,#1612));
#377=EDGE_LOOP('',(#1613,#1614,#1615,#1616));
#378=EDGE_LOOP('',(#1617,#1618,#1619,#1620));
#379=EDGE_LOOP('',(#1621,#1622,#1623,#1624));
#380=EDGE_LOOP('',(#1625,#1626,#1627,#1628));
#381=EDGE_LOOP('',(#1629,#1630,#1631,#1632));
#382=EDGE_LOOP('',(#1633,#1634,#1635,#1636));
#383=EDGE_LOOP('',(#1637,#1638,#1639,#1640));
#384=EDGE_LOOP('',(#1641,#1642,#1643,#1644));
#385=EDGE_LOOP('',(#1645,#1646,#1647,#1648));
#386=EDGE_LOOP('',(#1649,#1650,#1651,#1652));
#387=EDGE_LOOP('',(#1653,#1654,#1655,#1656));
#388=EDGE_LOOP('',(#1657,#1658,#1659,#1660));
#389=EDGE_LOOP('',(#1661,#1662,#1663,#1664));
#390=EDGE_LOOP('',(#1665,#1666,#1667,#1668));
#391=EDGE_LOOP('',(#1669,#1670,#1671,#1672));
#392=EDGE_LOOP('',(#1673,#1674,#1675,#1676));
#393=EDGE_LOOP('',(#1677,#1678,#1679,#1680));
#394=EDGE_LOOP('',(#1681,#1682,#1683,#1684));
#395=EDGE_LOOP('',(#1685,#1686,#1687,#1688));
#396=EDGE_LOOP('',(#1689,#1690,#1691,#1692));
#397=EDGE_LOOP('',(#1693,#1694,#1695,#1696));
#398=EDGE_LOOP('',(#1697,#1698,#1699,#1700));
#399=EDGE_LOOP('',(#1701,#1702,#1703,#1704));
#400=EDGE_LOOP('',(#1705,#1706,#1707,#1708));
#401=EDGE_LOOP('',(#1709,#1710,#1711,#1712));
#402=EDGE_LOOP('',(#1713,#1714,#1715,#1716));
#403=EDGE_LOOP('',(#1717,#1718,#1719,#1720,#1721,#1722,#1723,#1724));
#404=EDGE_LOOP('',(#1725,#1726));
#405=EDGE_LOOP('',(#1727));
#406=EDGE_LOOP('',(#1728));
#407=EDGE_LOOP('',(#1729));
#408=EDGE_LOOP('',(#1730));
#409=EDGE_LOOP('',(#1731));
#410=EDGE_LOOP('',(#1732));
#411=EDGE_LOOP('',(#1733));
#412=EDGE_LOOP('',(#1734));
#413=EDGE_LOOP('',(#1735));
#414=EDGE_LOOP('',(#1736));
#415=EDGE_LOOP('',(#1737));
#416=EDGE_LOOP('',(#1738));
#417=EDGE_LOOP('',(#1739));
#418=EDGE_LOOP('',(#1740));
#419=EDGE_LOOP('',(#1741,#1742,#1743,#1744));
#420=EDGE_LOOP('',(#1745,#1746,#1747,#1748));
#421=EDGE_LOOP('',(#1749,#1750,#1751,#1752));
#422=EDGE_LOOP('',(#1753,#1754,#1755,#1756,#1757,#1758,#1759,#1760,#1761,
#1762,#1763,#1764));
#423=EDGE_LOOP('',(#1765,#1766,#1767,#1768));
#424=EDGE_LOOP('',(#1769));
#425=EDGE_LOOP('',(#1770));
#426=EDGE_LOOP('',(#1771));
#427=EDGE_LOOP('',(#1772));
#428=EDGE_LOOP('',(#1773));
#429=EDGE_LOOP('',(#1774));
#430=EDGE_LOOP('',(#1775));
#431=EDGE_LOOP('',(#1776));
#432=EDGE_LOOP('',(#1777));
#433=EDGE_LOOP('',(#1778,#1779,#1780,#1781,#1782,#1783));
#434=EDGE_LOOP('',(#1784));
#435=EDGE_LOOP('',(#1785));
#436=EDGE_LOOP('',(#1786));
#437=EDGE_LOOP('',(#1787));
#438=EDGE_LOOP('',(#1788));
#439=EDGE_LOOP('',(#1789));
#440=EDGE_LOOP('',(#1790));
#441=EDGE_LOOP('',(#1791));
#442=EDGE_LOOP('',(#1792));
#443=EDGE_LOOP('',(#1793,#1794));
#444=EDGE_LOOP('',(#1795,#1796,#1797,#1798,#1799,#1800));
#445=EDGE_LOOP('',(#1801,#1802,#1803,#1804));
#446=EDGE_LOOP('',(#1805,#1806,#1807,#1808));
#447=EDGE_LOOP('',(#1809,#1810,#1811,#1812,#1813,#1814,#1815,#1816));
#448=EDGE_LOOP('',(#1817,#1818));
#449=EDGE_LOOP('',(#1819));
#450=EDGE_LOOP('',(#1820));
#451=EDGE_LOOP('',(#1821));
#452=EDGE_LOOP('',(#1822));
#453=EDGE_LOOP('',(#1823));
#454=EDGE_LOOP('',(#1824));
#455=EDGE_LOOP('',(#1825));
#456=EDGE_LOOP('',(#1826));
#457=EDGE_LOOP('',(#1827));
#458=EDGE_LOOP('',(#1828));
#459=EDGE_LOOP('',(#1829));
#460=EDGE_LOOP('',(#1830));
#461=EDGE_LOOP('',(#1831));
#462=EDGE_LOOP('',(#1832));
#463=EDGE_LOOP('',(#1833,#1834,#1835,#1836));
#464=EDGE_LOOP('',(#1837,#1838,#1839,#1840));
#465=EDGE_LOOP('',(#1841,#1842,#1843,#1844));
#466=EDGE_LOOP('',(#1845,#1846,#1847,#1848));
#467=EDGE_LOOP('',(#1849,#1850,#1851,#1852));
#468=EDGE_LOOP('',(#1853,#1854,#1855,#1856));
#469=EDGE_LOOP('',(#1857,#1858,#1859,#1860));
#470=EDGE_LOOP('',(#1861,#1862,#1863,#1864));
#471=EDGE_LOOP('',(#1865,#1866,#1867,#1868));
#472=EDGE_LOOP('',(#1869,#1870,#1871,#1872));
#473=EDGE_LOOP('',(#1873,#1874,#1875,#1876));
#474=EDGE_LOOP('',(#1877,#1878,#1879,#1880));
#475=EDGE_LOOP('',(#1881,#1882,#1883,#1884));
#476=EDGE_LOOP('',(#1885,#1886,#1887,#1888));
#477=EDGE_LOOP('',(#1889,#1890,#1891,#1892));
#478=EDGE_LOOP('',(#1893,#1894,#1895,#1896));
#479=EDGE_LOOP('',(#1897,#1898,#1899,#1900));
#480=EDGE_LOOP('',(#1901,#1902,#1903,#1904));
#481=EDGE_LOOP('',(#1905,#1906,#1907,#1908));
#482=EDGE_LOOP('',(#1909,#1910,#1911,#1912));
#483=EDGE_LOOP('',(#1913,#1914,#1915,#1916,#1917,#1918,#1919,#1920,#1921,
#1922,#1923,#1924,#1925,#1926,#1927,#1928,#1929,#1930,#1931,#1932));
#484=EDGE_LOOP('',(#1933,#1934,#1935,#1936,#1937,#1938,#1939,#1940,#1941,
#1942,#1943,#1944,#1945,#1946,#1947,#1948,#1949,#1950,#1951,#1952));
#485=LINE('',#2948,#633);
#486=LINE('',#2954,#634);
#487=LINE('',#2960,#635);
#488=LINE('',#2966,#636);
#489=LINE('',#2972,#637);
#490=LINE('',#2978,#638);
#491=LINE('',#2984,#639);
#492=LINE('',#2990,#640);
#493=LINE('',#2996,#641);
#494=LINE('',#3002,#642);
#495=LINE('',#3008,#643);
#496=LINE('',#3014,#644);
#497=LINE('',#3020,#645);
#498=LINE('',#3026,#646);
#499=LINE('',#3032,#647);
#500=LINE('',#3038,#648);
#501=LINE('',#3044,#649);
#502=LINE('',#3050,#650);
#503=LINE('',#3056,#651);
#504=LINE('',#3062,#652);
#505=LINE('',#3068,#653);
#506=LINE('',#3074,#654);
#507=LINE('',#3080,#655);
#508=LINE('',#3087,#656);
#509=LINE('',#3090,#657);
#510=LINE('',#3099,#658);
#511=LINE('',#3102,#659);
#512=LINE('',#3105,#660);
#513=LINE('',#3107,#661);
#514=LINE('',#3108,#662);
#515=LINE('',#3111,#663);
#516=LINE('',#3113,#664);
#517=LINE('',#3114,#665);
#518=LINE('',#3118,#666);
#519=LINE('',#3119,#667);
#520=LINE('',#3121,#668);
#521=LINE('',#3123,#669);
#522=LINE('',#3134,#670);
#523=LINE('',#3181,#671);
#524=LINE('',#3184,#672);
#525=LINE('',#3185,#673);
#526=LINE('',#3187,#674);
#527=LINE('',#3191,#675);
#528=LINE('',#3207,#676);
#529=LINE('',#3209,#677);
#530=LINE('',#3221,#678);
#531=LINE('',#3259,#679);
#532=LINE('',#3266,#680);
#533=LINE('',#3272,#681);
#534=LINE('',#3278,#682);
#535=LINE('',#3284,#683);
#536=LINE('',#3290,#684);
#537=LINE('',#3296,#685);
#538=LINE('',#3302,#686);
#539=LINE('',#3308,#687);
#540=LINE('',#3314,#688);
#541=LINE('',#3320,#689);
#542=LINE('',#3326,#690);
#543=LINE('',#3332,#691);
#544=LINE('',#3338,#692);
#545=LINE('',#3344,#693);
#546=LINE('',#3350,#694);
#547=LINE('',#3356,#695);
#548=LINE('',#3362,#696);
#549=LINE('',#3368,#697);
#550=LINE('',#3374,#698);
#551=LINE('',#3380,#699);
#552=LINE('',#3386,#700);
#553=LINE('',#3392,#701);
#554=LINE('',#3398,#702);
#555=LINE('',#3404,#703);
#556=LINE('',#3411,#704);
#557=LINE('',#3414,#705);
#558=LINE('',#3423,#706);
#559=LINE('',#3426,#707);
#560=LINE('',#3429,#708);
#561=LINE('',#3431,#709);
#562=LINE('',#3432,#710);
#563=LINE('',#3435,#711);
#564=LINE('',#3437,#712);
#565=LINE('',#3438,#713);
#566=LINE('',#3442,#714);
#567=LINE('',#3446,#715);
#568=LINE('',#3447,#716);
#569=LINE('',#3448,#717);
#570=LINE('',#3458,#718);
#571=LINE('',#3504,#719);
#572=LINE('',#3508,#720);
#573=LINE('',#3512,#721);
#574=LINE('',#3515,#722);
#575=LINE('',#3516,#723);
#576=LINE('',#3532,#724);
#577=LINE('',#3544,#725);
#578=LINE('',#3545,#726);
#579=LINE('',#3583,#727);
#580=LINE('',#3590,#728);
#581=LINE('',#3595,#729);
#582=LINE('',#3597,#730);
#583=LINE('',#3599,#731);
#584=LINE('',#3600,#732);
#585=LINE('',#3606,#733);
#586=LINE('',#3609,#734);
#587=LINE('',#3611,#735);
#588=LINE('',#3612,#736);
#589=LINE('',#3615,#737);
#590=LINE('',#3617,#738);
#591=LINE('',#3618,#739);
#592=LINE('',#3621,#740);
#593=LINE('',#3623,#741);
#594=LINE('',#3624,#742);
#595=LINE('',#3630,#743);
#596=LINE('',#3633,#744);
#597=LINE('',#3635,#745);
#598=LINE('',#3636,#746);
#599=LINE('',#3639,#747);
#600=LINE('',#3641,#748);
#601=LINE('',#3642,#749);
#602=LINE('',#3645,#750);
#603=LINE('',#3647,#751);
#604=LINE('',#3648,#752);
#605=LINE('',#3651,#753);
#606=LINE('',#3653,#754);
#607=LINE('',#3654,#755);
#608=LINE('',#3657,#756);
#609=LINE('',#3659,#757);
#610=LINE('',#3660,#758);
#611=LINE('',#3666,#759);
#612=LINE('',#3669,#760);
#613=LINE('',#3671,#761);
#614=LINE('',#3672,#762);
#615=LINE('',#3675,#763);
#616=LINE('',#3677,#764);
#617=LINE('',#3678,#765);
#618=LINE('',#3681,#766);
#619=LINE('',#3683,#767);
#620=LINE('',#3684,#768);
#621=LINE('',#3690,#769);
#622=LINE('',#3693,#770);
#623=LINE('',#3695,#771);
#624=LINE('',#3696,#772);
#625=LINE('',#3699,#773);
#626=LINE('',#3701,#774);
#627=LINE('',#3702,#775);
#628=LINE('',#3705,#776);
#629=LINE('',#3707,#777);
#630=LINE('',#3708,#778);
#631=LINE('',#3710,#779);
#632=LINE('',#3711,#780);
#633=VECTOR('',#2355,4.5);
#634=VECTOR('',#2362,4.5);
#635=VECTOR('',#2369,4.5);
#636=VECTOR('',#2376,4.5);
#637=VECTOR('',#2383,4.5);
#638=VECTOR('',#2390,4.5);
#639=VECTOR('',#2397,4.5);
#640=VECTOR('',#2404,4.5);
#641=VECTOR('',#2411,35.);
#642=VECTOR('',#2418,4.25);
#643=VECTOR('',#2425,4.25);
#644=VECTOR('',#2432,4.25);
#645=VECTOR('',#2439,4.25);
#646=VECTOR('',#2446,4.25);
#647=VECTOR('',#2453,4.25);
#648=VECTOR('',#2460,4.25);
#649=VECTOR('',#2467,4.25);
#650=VECTOR('',#2474,4.25);
#651=VECTOR('',#2481,4.25);
#652=VECTOR('',#2488,4.25);
#653=VECTOR('',#2495,4.25);
#654=VECTOR('',#2502,4.25);
#655=VECTOR('',#2509,4.25);
#656=VECTOR('',#2516,10.);
#657=VECTOR('',#2519,10.);
#658=VECTOR('',#2530,10.);
#659=VECTOR('',#2533,10.);
#660=VECTOR('',#2536,10.);
#661=VECTOR('',#2537,10.);
#662=VECTOR('',#2538,10.);
#663=VECTOR('',#2541,10.);
#664=VECTOR('',#2542,10.);
#665=VECTOR('',#2543,10.);
#666=VECTOR('',#2546,10.);
#667=VECTOR('',#2547,10.);
#668=VECTOR('',#2548,10.);
#669=VECTOR('',#2549,10.);
#670=VECTOR('',#2554,10.);
#671=VECTOR('',#2561,10.);
#672=VECTOR('',#2564,10.);
#673=VECTOR('',#2565,10.);
#674=VECTOR('',#2566,10.);
#675=VECTOR('',#2569,10.);
#676=VECTOR('',#2576,10.);
#677=VECTOR('',#2577,10.);
#678=VECTOR('',#2578,10.);
#679=VECTOR('',#2587,10.);
#680=VECTOR('',#2588,10.);
#681=VECTOR('',#2595,4.5);
#682=VECTOR('',#2602,4.5);
#683=VECTOR('',#2609,4.5);
#684=VECTOR('',#2616,4.5);
#685=VECTOR('',#2623,4.5);
#686=VECTOR('',#2630,4.5);
#687=VECTOR('',#2637,4.5);
#688=VECTOR('',#2644,4.5);
#689=VECTOR('',#2651,35.);
#690=VECTOR('',#2658,4.25);
#691=VECTOR('',#2665,4.25);
#692=VECTOR('',#2672,4.25);
#693=VECTOR('',#2679,4.25);
#694=VECTOR('',#2686,4.25);
#695=VECTOR('',#2693,4.25);
#696=VECTOR('',#2700,4.25);
#697=VECTOR('',#2707,4.25);
#698=VECTOR('',#2714,4.25);
#699=VECTOR('',#2721,4.25);
#700=VECTOR('',#2728,4.25);
#701=VECTOR('',#2735,4.25);
#702=VECTOR('',#2742,4.25);
#703=VECTOR('',#2749,4.25);
#704=VECTOR('',#2756,10.);
#705=VECTOR('',#2759,10.);
#706=VECTOR('',#2770,10.);
#707=VECTOR('',#2773,10.);
#708=VECTOR('',#2776,10.);
#709=VECTOR('',#2777,10.);
#710=VECTOR('',#2778,10.);
#711=VECTOR('',#2781,10.);
#712=VECTOR('',#2782,10.);
#713=VECTOR('',#2783,10.);
#714=VECTOR('',#2786,10.);
#715=VECTOR('',#2789,10.);
#716=VECTOR('',#2790,10.);
#717=VECTOR('',#2791,10.);
#718=VECTOR('',#2794,10.);
#719=VECTOR('',#2799,10.);
#720=VECTOR('',#2804,10.);
#721=VECTOR('',#2807,10.);
#722=VECTOR('',#2810,10.);
#723=VECTOR('',#2811,10.);
#724=VECTOR('',#2816,10.);
#725=VECTOR('',#2817,10.);
#726=VECTOR('',#2818,10.);
#727=VECTOR('',#2827,10.);
#728=VECTOR('',#2828,10.);
#729=VECTOR('',#2833,10.);
#730=VECTOR('',#2834,10.);
#731=VECTOR('',#2835,10.);
#732=VECTOR('',#2836,10.);
#733=VECTOR('',#2843,10.);
#734=VECTOR('',#2846,10.);
#735=VECTOR('',#2847,10.);
#736=VECTOR('',#2848,10.);
#737=VECTOR('',#2851,10.);
#738=VECTOR('',#2852,10.);
#739=VECTOR('',#2853,10.);
#740=VECTOR('',#2856,10.);
#741=VECTOR('',#2857,10.);
#742=VECTOR('',#2858,10.);
#743=VECTOR('',#2865,10.);
#744=VECTOR('',#2868,10.);
#745=VECTOR('',#2869,10.);
#746=VECTOR('',#2870,10.);
#747=VECTOR('',#2873,10.);
#748=VECTOR('',#2874,10.);
#749=VECTOR('',#2875,10.);
#750=VECTOR('',#2878,10.);
#751=VECTOR('',#2879,10.);
#752=VECTOR('',#2880,10.);
#753=VECTOR('',#2883,10.);
#754=VECTOR('',#2884,10.);
#755=VECTOR('',#2885,10.);
#756=VECTOR('',#2888,10.);
#757=VECTOR('',#2889,10.);
#758=VECTOR('',#2890,10.);
#759=VECTOR('',#2897,10.);
#760=VECTOR('',#2900,10.);
#761=VECTOR('',#2901,10.);
#762=VECTOR('',#2902,10.);
#763=VECTOR('',#2905,10.);
#764=VECTOR('',#2906,10.);
#765=VECTOR('',#2907,10.);
#766=VECTOR('',#2910,10.);
#767=VECTOR('',#2911,10.);
#768=VECTOR('',#2912,10.);
#769=VECTOR('',#2919,10.);
#770=VECTOR('',#2922,10.);
#771=VECTOR('',#2923,10.);
#772=VECTOR('',#2924,10.);
#773=VECTOR('',#2927,10.);
#774=VECTOR('',#2928,10.);
#775=VECTOR('',#2929,10.);
#776=VECTOR('',#2932,10.);
#777=VECTOR('',#2933,10.);
#778=VECTOR('',#2934,10.);
#779=VECTOR('',#2937,10.);
#780=VECTOR('',#2938,10.);
#781=CIRCLE('',#2128,4.5);
#782=CIRCLE('',#2129,4.5);
#783=CIRCLE('',#2131,4.5);
#784=CIRCLE('',#2132,4.5);
#785=CIRCLE('',#2134,4.5);
#786=CIRCLE('',#2135,4.5);
#787=CIRCLE('',#2137,4.5);
#788=CIRCLE('',#2138,4.5);
#789=CIRCLE('',#2140,4.5);
#790=CIRCLE('',#2141,4.5);
#791=CIRCLE('',#2143,4.5);
#792=CIRCLE('',#2144,4.5);
#793=CIRCLE('',#2146,4.5);
#794=CIRCLE('',#2147,4.5);
#795=CIRCLE('',#2149,4.5);
#796=CIRCLE('',#2150,4.5);
#797=CIRCLE('',#2152,35.);
#798=CIRCLE('',#2153,35.);
#799=CIRCLE('',#2155,4.25);
#800=CIRCLE('',#2156,4.25);
#801=CIRCLE('',#2158,4.25);
#802=CIRCLE('',#2159,4.25);
#803=CIRCLE('',#2161,4.25);
#804=CIRCLE('',#2162,4.25);
#805=CIRCLE('',#2164,4.25);
#806=CIRCLE('',#2165,4.25);
#807=CIRCLE('',#2167,4.25);
#808=CIRCLE('',#2168,4.25);
#809=CIRCLE('',#2170,4.25);
#810=CIRCLE('',#2171,4.25);
#811=CIRCLE('',#2173,4.25);
#812=CIRCLE('',#2174,4.25);
#813=CIRCLE('',#2176,4.25);
#814=CIRCLE('',#2177,4.25);
#815=CIRCLE('',#2179,4.25);
#816=CIRCLE('',#2180,4.25);
#817=CIRCLE('',#2182,4.25);
#818=CIRCLE('',#2183,4.25);
#819=CIRCLE('',#2185,4.25);
#820=CIRCLE('',#2186,4.25);
#821=CIRCLE('',#2188,4.25);
#822=CIRCLE('',#2189,4.25);
#823=CIRCLE('',#2191,4.25);
#824=CIRCLE('',#2192,4.25);
#825=CIRCLE('',#2194,4.25);
#826=CIRCLE('',#2195,4.25);
#827=CIRCLE('',#2197,4.25);
#828=CIRCLE('',#2198,4.25);
#829=CIRCLE('',#2200,4.25);
#830=CIRCLE('',#2201,4.25);
#831=CIRCLE('',#2203,380.);
#832=CIRCLE('',#2204,380.);
#833=CIRCLE('',#2208,329.918508456592);
#834=CIRCLE('',#2220,300.);
#835=CIRCLE('',#2224,4.5);
#836=CIRCLE('',#2225,4.5);
#837=CIRCLE('',#2227,4.5);
#838=CIRCLE('',#2228,4.5);
#839=CIRCLE('',#2230,4.5);
#840=CIRCLE('',#2231,4.5);
#841=CIRCLE('',#2233,4.5);
#842=CIRCLE('',#2234,4.5);
#843=CIRCLE('',#2236,4.5);
#844=CIRCLE('',#2237,4.5);
#845=CIRCLE('',#2239,4.5);
#846=CIRCLE('',#2240,4.5);
#847=CIRCLE('',#2242,4.5);
#848=CIRCLE('',#2243,4.5);
#849=CIRCLE('',#2245,4.5);
#850=CIRCLE('',#2246,4.5);
#851=CIRCLE('',#2248,35.);
#852=CIRCLE('',#2249,35.);
#853=CIRCLE('',#2251,4.25);
#854=CIRCLE('',#2252,4.25);
#855=CIRCLE('',#2254,4.25);
#856=CIRCLE('',#2255,4.25);
#857=CIRCLE('',#2257,4.25);
#858=CIRCLE('',#2258,4.25);
#859=CIRCLE('',#2260,4.25);
#860=CIRCLE('',#2261,4.25);
#861=CIRCLE('',#2263,4.25);
#862=CIRCLE('',#2264,4.25);
#863=CIRCLE('',#2266,4.25);
#864=CIRCLE('',#2267,4.25);
#865=CIRCLE('',#2269,4.25);
#866=CIRCLE('',#2270,4.25);
#867=CIRCLE('',#2272,4.25);
#868=CIRCLE('',#2273,4.25);
#869=CIRCLE('',#2275,4.25);
#870=CIRCLE('',#2276,4.25);
#871=CIRCLE('',#2278,4.25);
#872=CIRCLE('',#2279,4.25);
#873=CIRCLE('',#2281,4.25);
#874=CIRCLE('',#2282,4.25);
#875=CIRCLE('',#2284,4.25);
#876=CIRCLE('',#2285,4.25);
#877=CIRCLE('',#2287,4.25);
#878=CIRCLE('',#2288,4.25);
#879=CIRCLE('',#2290,4.25);
#880=CIRCLE('',#2291,4.25);
#881=CIRCLE('',#2293,4.25);
#882=CIRCLE('',#2294,4.25);
#883=CIRCLE('',#2296,4.25);
#884=CIRCLE('',#2297,4.25);
#885=CIRCLE('',#2299,380.);
#886=CIRCLE('',#2300,380.);
#887=CIRCLE('',#2304,329.918508456592);
#888=CIRCLE('',#2316,300.);
#889=CIRCLE('',#2321,329.918508456592);
#890=CIRCLE('',#2322,329.918508456592);
#891=CIRCLE('',#2327,329.918508456592);
#892=CIRCLE('',#2328,329.918508456592);
#893=CIRCLE('',#2335,329.918508456592);
#894=CIRCLE('',#2336,329.918508456592);
#895=CIRCLE('',#2341,329.918508456592);
#896=CIRCLE('',#2342,329.918508456592);
#897=VERTEX_POINT('',#2945);
#898=VERTEX_POINT('',#2947);
#899=VERTEX_POINT('',#2951);
#900=VERTEX_POINT('',#2953);
#901=VERTEX_POINT('',#2957);
#902=VERTEX_POINT('',#2959);
#903=VERTEX_POINT('',#2963);
#904=VERTEX_POINT('',#2965);
#905=VERTEX_POINT('',#2969);
#906=VERTEX_POINT('',#2971);
#907=VERTEX_POINT('',#2975);
#908=VERTEX_POINT('',#2977);
#909=VERTEX_POINT('',#2981);
#910=VERTEX_POINT('',#2983);
#911=VERTEX_POINT('',#2987);
#912=VERTEX_POINT('',#2989);
#913=VERTEX_POINT('',#2993);
#914=VERTEX_POINT('',#2995);
#915=VERTEX_POINT('',#2999);
#916=VERTEX_POINT('',#3001);
#917=VERTEX_POINT('',#3005);
#918=VERTEX_POINT('',#3007);
#919=VERTEX_POINT('',#3011);
#920=VERTEX_POINT('',#3013);
#921=VERTEX_POINT('',#3017);
#922=VERTEX_POINT('',#3019);
#923=VERTEX_POINT('',#3023);
#924=VERTEX_POINT('',#3025);
#925=VERTEX_POINT('',#3029);
#926=VERTEX_POINT('',#3031);
#927=VERTEX_POINT('',#3035);
#928=VERTEX_POINT('',#3037);
#929=VERTEX_POINT('',#3041);
#930=VERTEX_POINT('',#3043);
#931=VERTEX_POINT('',#3047);
#932=VERTEX_POINT('',#3049);
#933=VERTEX_POINT('',#3053);
#934=VERTEX_POINT('',#3055);
#935=VERTEX_POINT('',#3059);
#936=VERTEX_POINT('',#3061);
#937=VERTEX_POINT('',#3065);
#938=VERTEX_POINT('',#3067);
#939=VERTEX_POINT('',#3071);
#940=VERTEX_POINT('',#3073);
#941=VERTEX_POINT('',#3077);
#942=VERTEX_POINT('',#3079);
#943=VERTEX_POINT('',#3083);
#944=VERTEX_POINT('',#3084);
#945=VERTEX_POINT('',#3086);
#946=VERTEX_POINT('',#3088);
#947=VERTEX_POINT('',#3095);
#948=VERTEX_POINT('',#3096);
#949=VERTEX_POINT('',#3098);
#950=VERTEX_POINT('',#3100);
#951=VERTEX_POINT('',#3104);
#952=VERTEX_POINT('',#3106);
#953=VERTEX_POINT('',#3110);
#954=VERTEX_POINT('',#3112);
#955=VERTEX_POINT('',#3116);
#956=VERTEX_POINT('',#3117);
#957=VERTEX_POINT('',#3120);
#958=VERTEX_POINT('',#3122);
#959=VERTEX_POINT('',#3131);
#960=VERTEX_POINT('',#3133);
#961=VERTEX_POINT('',#3151);
#962=VERTEX_POINT('',#3179);
#963=VERTEX_POINT('',#3183);
#964=VERTEX_POINT('',#3186);
#965=VERTEX_POINT('',#3188);
#966=VERTEX_POINT('',#3190);
#967=VERTEX_POINT('',#3195);
#968=VERTEX_POINT('',#3196);
#969=VERTEX_POINT('',#3208);
#970=VERTEX_POINT('',#3210);
#971=VERTEX_POINT('',#3248);
#972=VERTEX_POINT('',#3250);
#973=VERTEX_POINT('',#3269);
#974=VERTEX_POINT('',#3271);
#975=VERTEX_POINT('',#3275);
#976=VERTEX_POINT('',#3277);
#977=VERTEX_POINT('',#3281);
#978=VERTEX_POINT('',#3283);
#979=VERTEX_POINT('',#3287);
#980=VERTEX_POINT('',#3289);
#981=VERTEX_POINT('',#3293);
#982=VERTEX_POINT('',#3295);
#983=VERTEX_POINT('',#3299);
#984=VERTEX_POINT('',#3301);
#985=VERTEX_POINT('',#3305);
#986=VERTEX_POINT('',#3307);
#987=VERTEX_POINT('',#3311);
#988=VERTEX_POINT('',#3313);
#989=VERTEX_POINT('',#3317);
#990=VERTEX_POINT('',#3319);
#991=VERTEX_POINT('',#3323);
#992=VERTEX_POINT('',#3325);
#993=VERTEX_POINT('',#3329);
#994=VERTEX_POINT('',#3331);
#995=VERTEX_POINT('',#3335);
#996=VERTEX_POINT('',#3337);
#997=VERTEX_POINT('',#3341);
#998=VERTEX_POINT('',#3343);
#999=VERTEX_POINT('',#3347);
#1000=VERTEX_POINT('',#3349);
#1001=VERTEX_POINT('',#3353);
#1002=VERTEX_POINT('',#3355);
#1003=VERTEX_POINT('',#3359);
#1004=VERTEX_POINT('',#3361);
#1005=VERTEX_POINT('',#3365);
#1006=VERTEX_POINT('',#3367);
#1007=VERTEX_POINT('',#3371);
#1008=VERTEX_POINT('',#3373);
#1009=VERTEX_POINT('',#3377);
#1010=VERTEX_POINT('',#3379);
#1011=VERTEX_POINT('',#3383);
#1012=VERTEX_POINT('',#3385);
#1013=VERTEX_POINT('',#3389);
#1014=VERTEX_POINT('',#3391);
#1015=VERTEX_POINT('',#3395);
#1016=VERTEX_POINT('',#3397);
#1017=VERTEX_POINT('',#3401);
#1018=VERTEX_POINT('',#3403);
#1019=VERTEX_POINT('',#3407);
#1020=VERTEX_POINT('',#3408);
#1021=VERTEX_POINT('',#3410);
#1022=VERTEX_POINT('',#3412);
#1023=VERTEX_POINT('',#3419);
#1024=VERTEX_POINT('',#3420);
#1025=VERTEX_POINT('',#3422);
#1026=VERTEX_POINT('',#3424);
#1027=VERTEX_POINT('',#3428);
#1028=VERTEX_POINT('',#3430);
#1029=VERTEX_POINT('',#3434);
#1030=VERTEX_POINT('',#3436);
#1031=VERTEX_POINT('',#3440);
#1032=VERTEX_POINT('',#3441);
#1033=VERTEX_POINT('',#3443);
#1034=VERTEX_POINT('',#3445);
#1035=VERTEX_POINT('',#3455);
#1036=VERTEX_POINT('',#3457);
#1037=VERTEX_POINT('',#3475);
#1038=VERTEX_POINT('',#3503);
#1039=VERTEX_POINT('',#3507);
#1040=VERTEX_POINT('',#3509);
#1041=VERTEX_POINT('',#3511);
#1042=VERTEX_POINT('',#3513);
#1043=VERTEX_POINT('',#3519);
#1044=VERTEX_POINT('',#3520);
#1045=VERTEX_POINT('',#3531);
#1046=VERTEX_POINT('',#3533);
#1047=VERTEX_POINT('',#3572);
#1048=VERTEX_POINT('',#3574);
#1049=VERTEX_POINT('',#3593);
#1050=VERTEX_POINT('',#3594);
#1051=VERTEX_POINT('',#3596);
#1052=VERTEX_POINT('',#3598);
#1053=VERTEX_POINT('',#3602);
#1054=VERTEX_POINT('',#3604);
#1055=VERTEX_POINT('',#3608);
#1056=VERTEX_POINT('',#3610);
#1057=VERTEX_POINT('',#3614);
#1058=VERTEX_POINT('',#3616);
#1059=VERTEX_POINT('',#3620);
#1060=VERTEX_POINT('',#3622);
#1061=VERTEX_POINT('',#3626);
#1062=VERTEX_POINT('',#3628);
#1063=VERTEX_POINT('',#3632);
#1064=VERTEX_POINT('',#3634);
#1065=VERTEX_POINT('',#3638);
#1066=VERTEX_POINT('',#3640);
#1067=VERTEX_POINT('',#3644);
#1068=VERTEX_POINT('',#3646);
#1069=VERTEX_POINT('',#3650);
#1070=VERTEX_POINT('',#3652);
#1071=VERTEX_POINT('',#3656);
#1072=VERTEX_POINT('',#3658);
#1073=VERTEX_POINT('',#3662);
#1074=VERTEX_POINT('',#3664);
#1075=VERTEX_POINT('',#3668);
#1076=VERTEX_POINT('',#3670);
#1077=VERTEX_POINT('',#3674);
#1078=VERTEX_POINT('',#3676);
#1079=VERTEX_POINT('',#3680);
#1080=VERTEX_POINT('',#3682);
#1081=VERTEX_POINT('',#3686);
#1082=VERTEX_POINT('',#3688);
#1083=VERTEX_POINT('',#3692);
#1084=VERTEX_POINT('',#3694);
#1085=VERTEX_POINT('',#3698);
#1086=VERTEX_POINT('',#3700);
#1087=VERTEX_POINT('',#3704);
#1088=VERTEX_POINT('',#3706);
#1089=EDGE_CURVE('',#897,#897,#781,.T.);
#1090=EDGE_CURVE('',#897,#898,#485,.T.);
#1091=EDGE_CURVE('',#898,#898,#782,.T.);
#1092=EDGE_CURVE('',#899,#899,#783,.T.);
#1093=EDGE_CURVE('',#899,#900,#486,.T.);
#1094=EDGE_CURVE('',#900,#900,#784,.T.);
#1095=EDGE_CURVE('',#901,#901,#785,.T.);
#1096=EDGE_CURVE('',#901,#902,#487,.T.);
#1097=EDGE_CURVE('',#902,#902,#786,.T.);
#1098=EDGE_CURVE('',#903,#903,#787,.T.);
#1099=EDGE_CURVE('',#903,#904,#488,.T.);
#1100=EDGE_CURVE('',#904,#904,#788,.T.);
#1101=EDGE_CURVE('',#905,#905,#789,.T.);
#1102=EDGE_CURVE('',#905,#906,#489,.T.);
#1103=EDGE_CURVE('',#906,#906,#790,.T.);
#1104=EDGE_CURVE('',#907,#907,#791,.T.);
#1105=EDGE_CURVE('',#907,#908,#490,.T.);
#1106=EDGE_CURVE('',#908,#908,#792,.T.);
#1107=EDGE_CURVE('',#909,#909,#793,.T.);
#1108=EDGE_CURVE('',#909,#910,#491,.T.);
#1109=EDGE_CURVE('',#910,#910,#794,.T.);
#1110=EDGE_CURVE('',#911,#911,#795,.T.);
#1111=EDGE_CURVE('',#911,#912,#492,.T.);
#1112=EDGE_CURVE('',#912,#912,#796,.T.);
#1113=EDGE_CURVE('',#913,#913,#797,.T.);
#1114=EDGE_CURVE('',#913,#914,#493,.T.);
#1115=EDGE_CURVE('',#914,#914,#798,.T.);
#1116=EDGE_CURVE('',#915,#915,#799,.T.);
#1117=EDGE_CURVE('',#915,#916,#494,.T.);
#1118=EDGE_CURVE('',#916,#916,#800,.T.);
#1119=EDGE_CURVE('',#917,#917,#801,.T.);
#1120=EDGE_CURVE('',#917,#918,#495,.T.);
#1121=EDGE_CURVE('',#918,#918,#802,.T.);
#1122=EDGE_CURVE('',#919,#919,#803,.T.);
#1123=EDGE_CURVE('',#919,#920,#496,.T.);
#1124=EDGE_CURVE('',#920,#920,#804,.T.);
#1125=EDGE_CURVE('',#921,#921,#805,.T.);
#1126=EDGE_CURVE('',#921,#922,#497,.T.);
#1127=EDGE_CURVE('',#922,#922,#806,.T.);
#1128=EDGE_CURVE('',#923,#923,#807,.T.);
#1129=EDGE_CURVE('',#923,#924,#498,.T.);
#1130=EDGE_CURVE('',#924,#924,#808,.T.);
#1131=EDGE_CURVE('',#925,#925,#809,.T.);
#1132=EDGE_CURVE('',#925,#926,#499,.T.);
#1133=EDGE_CURVE('',#926,#926,#810,.T.);
#1134=EDGE_CURVE('',#927,#927,#811,.T.);
#1135=EDGE_CURVE('',#927,#928,#500,.T.);
#1136=EDGE_CURVE('',#928,#928,#812,.T.);
#1137=EDGE_CURVE('',#929,#929,#813,.T.);
#1138=EDGE_CURVE('',#929,#930,#501,.T.);
#1139=EDGE_CURVE('',#930,#930,#814,.T.);
#1140=EDGE_CURVE('',#931,#931,#815,.T.);
#1141=EDGE_CURVE('',#931,#932,#502,.T.);
#1142=EDGE_CURVE('',#932,#932,#816,.T.);
#1143=EDGE_CURVE('',#933,#933,#817,.T.);
#1144=EDGE_CURVE('',#933,#934,#503,.T.);
#1145=EDGE_CURVE('',#934,#934,#818,.T.);
#1146=EDGE_CURVE('',#935,#935,#819,.T.);
#1147=EDGE_CURVE('',#935,#936,#504,.T.);
#1148=EDGE_CURVE('',#936,#936,#820,.T.);
#1149=EDGE_CURVE('',#937,#937,#821,.T.);
#1150=EDGE_CURVE('',#937,#938,#505,.T.);
#1151=EDGE_CURVE('',#938,#938,#822,.T.);
#1152=EDGE_CURVE('',#939,#939,#823,.T.);
#1153=EDGE_CURVE('',#939,#940,#506,.T.);
#1154=EDGE_CURVE('',#940,#940,#824,.T.);
#1155=EDGE_CURVE('',#941,#941,#825,.T.);
#1156=EDGE_CURVE('',#941,#942,#507,.T.);
#1157=EDGE_CURVE('',#942,#942,#826,.T.);
#1158=EDGE_CURVE('',#943,#944,#827,.T.);
#1159=EDGE_CURVE('',#943,#945,#508,.T.);
#1160=EDGE_CURVE('',#946,#945,#828,.T.);
#1161=EDGE_CURVE('',#944,#946,#509,.T.);
#1162=EDGE_CURVE('',#944,#943,#829,.T.);
#1163=EDGE_CURVE('',#945,#946,#830,.T.);
#1164=EDGE_CURVE('',#947,#948,#831,.T.);
#1165=EDGE_CURVE('',#947,#949,#510,.T.);
#1166=EDGE_CURVE('',#950,#949,#832,.T.);
#1167=EDGE_CURVE('',#948,#950,#511,.T.);
#1168=EDGE_CURVE('',#948,#951,#512,.T.);
#1169=EDGE_CURVE('',#952,#950,#513,.T.);
#1170=EDGE_CURVE('',#951,#952,#514,.T.);
#1171=EDGE_CURVE('',#953,#947,#515,.T.);
#1172=EDGE_CURVE('',#953,#954,#516,.T.);
#1173=EDGE_CURVE('',#949,#954,#517,.T.);
#1174=EDGE_CURVE('',#955,#956,#518,.T.);
#1175=EDGE_CURVE('',#955,#952,#519,.T.);
#1176=EDGE_CURVE('',#954,#957,#520,.T.);
#1177=EDGE_CURVE('',#958,#957,#521,.T.);
#1178=EDGE_CURVE('',#956,#958,#833,.T.);
#1179=EDGE_CURVE('',#959,#956,#27,.T.);
#1180=EDGE_CURVE('',#959,#960,#522,.T.);
#1181=EDGE_CURVE('',#960,#955,#28,.T.);
#1182=EDGE_CURVE('',#958,#961,#29,.T.);
#1183=EDGE_CURVE('',#961,#959,#19,.T.);
#1184=EDGE_CURVE('',#957,#962,#30,.T.);
#1185=EDGE_CURVE('',#962,#961,#523,.T.);
#1186=EDGE_CURVE('',#951,#963,#524,.T.);
#1187=EDGE_CURVE('',#960,#962,#525,.T.);
#1188=EDGE_CURVE('',#964,#953,#526,.T.);
#1189=EDGE_CURVE('',#965,#964,#31,.T.);
#1190=EDGE_CURVE('',#965,#966,#527,.T.);
#1191=EDGE_CURVE('',#963,#966,#32,.T.);
#1192=EDGE_CURVE('',#967,#968,#20,.T.);
#1193=EDGE_CURVE('',#966,#967,#528,.T.);
#1194=EDGE_CURVE('',#969,#965,#529,.T.);
#1195=EDGE_CURVE('',#970,#969,#21,.T.);
#1196=EDGE_CURVE('',#968,#970,#530,.T.);
#1197=EDGE_CURVE('',#968,#970,#22,.T.);
#1198=EDGE_CURVE('',#969,#971,#33,.T.);
#1199=EDGE_CURVE('',#972,#971,#834,.T.);
#1200=EDGE_CURVE('',#972,#967,#34,.T.);
#1201=EDGE_CURVE('',#964,#971,#531,.T.);
#1202=EDGE_CURVE('',#963,#972,#532,.T.);
#1203=EDGE_CURVE('',#973,#973,#835,.T.);
#1204=EDGE_CURVE('',#973,#974,#533,.T.);
#1205=EDGE_CURVE('',#974,#974,#836,.T.);
#1206=EDGE_CURVE('',#975,#975,#837,.T.);
#1207=EDGE_CURVE('',#975,#976,#534,.T.);
#1208=EDGE_CURVE('',#976,#976,#838,.T.);
#1209=EDGE_CURVE('',#977,#977,#839,.T.);
#1210=EDGE_CURVE('',#977,#978,#535,.T.);
#1211=EDGE_CURVE('',#978,#978,#840,.T.);
#1212=EDGE_CURVE('',#979,#979,#841,.T.);
#1213=EDGE_CURVE('',#979,#980,#536,.T.);
#1214=EDGE_CURVE('',#980,#980,#842,.T.);
#1215=EDGE_CURVE('',#981,#981,#843,.T.);
#1216=EDGE_CURVE('',#981,#982,#537,.T.);
#1217=EDGE_CURVE('',#982,#982,#844,.T.);
#1218=EDGE_CURVE('',#983,#983,#845,.T.);
#1219=EDGE_CURVE('',#983,#984,#538,.T.);
#1220=EDGE_CURVE('',#984,#984,#846,.T.);
#1221=EDGE_CURVE('',#985,#985,#847,.T.);
#1222=EDGE_CURVE('',#985,#986,#539,.T.);
#1223=EDGE_CURVE('',#986,#986,#848,.T.);
#1224=EDGE_CURVE('',#987,#987,#849,.T.);
#1225=EDGE_CURVE('',#987,#988,#540,.T.);
#1226=EDGE_CURVE('',#988,#988,#850,.T.);
#1227=EDGE_CURVE('',#989,#989,#851,.T.);
#1228=EDGE_CURVE('',#989,#990,#541,.T.);
#1229=EDGE_CURVE('',#990,#990,#852,.T.);
#1230=EDGE_CURVE('',#991,#991,#853,.T.);
#1231=EDGE_CURVE('',#991,#992,#542,.T.);
#1232=EDGE_CURVE('',#992,#992,#854,.T.);
#1233=EDGE_CURVE('',#993,#993,#855,.T.);
#1234=EDGE_CURVE('',#993,#994,#543,.T.);
#1235=EDGE_CURVE('',#994,#994,#856,.T.);
#1236=EDGE_CURVE('',#995,#995,#857,.T.);
#1237=EDGE_CURVE('',#995,#996,#544,.T.);
#1238=EDGE_CURVE('',#996,#996,#858,.T.);
#1239=EDGE_CURVE('',#997,#997,#859,.T.);
#1240=EDGE_CURVE('',#997,#998,#545,.T.);
#1241=EDGE_CURVE('',#998,#998,#860,.T.);
#1242=EDGE_CURVE('',#999,#999,#861,.T.);
#1243=EDGE_CURVE('',#999,#1000,#546,.T.);
#1244=EDGE_CURVE('',#1000,#1000,#862,.T.);
#1245=EDGE_CURVE('',#1001,#1001,#863,.T.);
#1246=EDGE_CURVE('',#1001,#1002,#547,.T.);
#1247=EDGE_CURVE('',#1002,#1002,#864,.T.);
#1248=EDGE_CURVE('',#1003,#1003,#865,.T.);
#1249=EDGE_CURVE('',#1003,#1004,#548,.T.);
#1250=EDGE_CURVE('',#1004,#1004,#866,.T.);
#1251=EDGE_CURVE('',#1005,#1005,#867,.T.);
#1252=EDGE_CURVE('',#1005,#1006,#549,.T.);
#1253=EDGE_CURVE('',#1006,#1006,#868,.T.);
#1254=EDGE_CURVE('',#1007,#1007,#869,.T.);
#1255=EDGE_CURVE('',#1007,#1008,#550,.T.);
#1256=EDGE_CURVE('',#1008,#1008,#870,.T.);
#1257=EDGE_CURVE('',#1009,#1009,#871,.T.);
#1258=EDGE_CURVE('',#1009,#1010,#551,.T.);
#1259=EDGE_CURVE('',#1010,#1010,#872,.T.);
#1260=EDGE_CURVE('',#1011,#1011,#873,.T.);
#1261=EDGE_CURVE('',#1011,#1012,#552,.T.);
#1262=EDGE_CURVE('',#1012,#1012,#874,.T.);
#1263=EDGE_CURVE('',#1013,#1013,#875,.T.);
#1264=EDGE_CURVE('',#1013,#1014,#553,.T.);
#1265=EDGE_CURVE('',#1014,#1014,#876,.T.);
#1266=EDGE_CURVE('',#1015,#1015,#877,.T.);
#1267=EDGE_CURVE('',#1015,#1016,#554,.T.);
#1268=EDGE_CURVE('',#1016,#1016,#878,.T.);
#1269=EDGE_CURVE('',#1017,#1017,#879,.T.);
#1270=EDGE_CURVE('',#1017,#1018,#555,.T.);
#1271=EDGE_CURVE('',#1018,#1018,#880,.T.);
#1272=EDGE_CURVE('',#1019,#1020,#881,.T.);
#1273=EDGE_CURVE('',#1020,#1021,#556,.T.);
#1274=EDGE_CURVE('',#1021,#1022,#882,.T.);
#1275=EDGE_CURVE('',#1019,#1022,#557,.T.);
#1276=EDGE_CURVE('',#1020,#1019,#883,.T.);
#1277=EDGE_CURVE('',#1022,#1021,#884,.T.);
#1278=EDGE_CURVE('',#1023,#1024,#885,.T.);
#1279=EDGE_CURVE('',#1024,#1025,#558,.T.);
#1280=EDGE_CURVE('',#1025,#1026,#886,.T.);
#1281=EDGE_CURVE('',#1023,#1026,#559,.T.);
#1282=EDGE_CURVE('',#1024,#1027,#560,.T.);
#1283=EDGE_CURVE('',#1027,#1028,#561,.T.);
#1284=EDGE_CURVE('',#1028,#1025,#562,.T.);
#1285=EDGE_CURVE('',#1029,#1023,#563,.T.);
#1286=EDGE_CURVE('',#1026,#1030,#564,.T.);
#1287=EDGE_CURVE('',#1029,#1030,#565,.T.);
#1288=EDGE_CURVE('',#1031,#1032,#566,.T.);
#1289=EDGE_CURVE('',#1032,#1033,#887,.T.);
#1290=EDGE_CURVE('',#1033,#1034,#567,.T.);
#1291=EDGE_CURVE('',#1030,#1034,#568,.T.);
#1292=EDGE_CURVE('',#1031,#1028,#569,.T.);
#1293=EDGE_CURVE('',#1035,#1031,#35,.T.);
#1294=EDGE_CURVE('',#1036,#1035,#570,.T.);
#1295=EDGE_CURVE('',#1036,#1032,#36,.T.);
#1296=EDGE_CURVE('',#1037,#1036,#23,.T.);
#1297=EDGE_CURVE('',#1033,#1037,#37,.T.);
#1298=EDGE_CURVE('',#1038,#1037,#571,.T.);
#1299=EDGE_CURVE('',#1034,#1038,#38,.T.);
#1300=EDGE_CURVE('',#1027,#1039,#572,.T.);
#1301=EDGE_CURVE('',#1039,#1040,#39,.T.);
#1302=EDGE_CURVE('',#1041,#1040,#573,.T.);
#1303=EDGE_CURVE('',#1041,#1042,#40,.T.);
#1304=EDGE_CURVE('',#1042,#1029,#574,.T.);
#1305=EDGE_CURVE('',#1035,#1038,#575,.T.);
#1306=EDGE_CURVE('',#1043,#1044,#24,.T.);
#1307=EDGE_CURVE('',#1044,#1045,#576,.T.);
#1308=EDGE_CURVE('',#1045,#1046,#25,.T.);
#1309=EDGE_CURVE('',#1046,#1041,#577,.T.);
#1310=EDGE_CURVE('',#1040,#1043,#578,.T.);
#1311=EDGE_CURVE('',#1044,#1045,#26,.T.);
#1312=EDGE_CURVE('',#1047,#1043,#41,.T.);
#1313=EDGE_CURVE('',#1047,#1048,#888,.T.);
#1314=EDGE_CURVE('',#1046,#1048,#42,.T.);
#1315=EDGE_CURVE('',#1042,#1048,#579,.T.);
#1316=EDGE_CURVE('',#1039,#1047,#580,.T.);
#1317=EDGE_CURVE('',#1049,#1050,#581,.T.);
#1318=EDGE_CURVE('',#1049,#1051,#582,.T.);
#1319=EDGE_CURVE('',#1052,#1051,#583,.T.);
#1320=EDGE_CURVE('',#1050,#1052,#584,.T.);
#1321=EDGE_CURVE('',#1050,#1053,#889,.T.);
#1322=EDGE_CURVE('',#1054,#1052,#890,.T.);
#1323=EDGE_CURVE('',#1053,#1054,#585,.T.);
#1324=EDGE_CURVE('',#1053,#1055,#586,.T.);
#1325=EDGE_CURVE('',#1056,#1054,#587,.T.);
#1326=EDGE_CURVE('',#1055,#1056,#588,.T.);
#1327=EDGE_CURVE('',#1055,#1057,#589,.T.);
#1328=EDGE_CURVE('',#1058,#1056,#590,.T.);
#1329=EDGE_CURVE('',#1057,#1058,#591,.T.);
#1330=EDGE_CURVE('',#1059,#1057,#592,.T.);
#1331=EDGE_CURVE('',#1060,#1058,#593,.T.);
#1332=EDGE_CURVE('',#1059,#1060,#594,.T.);
#1333=EDGE_CURVE('',#1059,#1061,#891,.T.);
#1334=EDGE_CURVE('',#1062,#1060,#892,.T.);
#1335=EDGE_CURVE('',#1061,#1062,#595,.T.);
#1336=EDGE_CURVE('',#1063,#1061,#596,.T.);
#1337=EDGE_CURVE('',#1064,#1062,#597,.T.);
#1338=EDGE_CURVE('',#1063,#1064,#598,.T.);
#1339=EDGE_CURVE('',#1063,#1065,#599,.T.);
#1340=EDGE_CURVE('',#1066,#1064,#600,.T.);
#1341=EDGE_CURVE('',#1065,#1066,#601,.T.);
#1342=EDGE_CURVE('',#1065,#1067,#602,.T.);
#1343=EDGE_CURVE('',#1068,#1066,#603,.T.);
#1344=EDGE_CURVE('',#1067,#1068,#604,.T.);
#1345=EDGE_CURVE('',#1069,#1067,#605,.T.);
#1346=EDGE_CURVE('',#1070,#1068,#606,.T.);
#1347=EDGE_CURVE('',#1069,#1070,#607,.T.);
#1348=EDGE_CURVE('',#1069,#1071,#608,.T.);
#1349=EDGE_CURVE('',#1072,#1070,#609,.T.);
#1350=EDGE_CURVE('',#1071,#1072,#610,.T.);
#1351=EDGE_CURVE('',#1071,#1073,#893,.T.);
#1352=EDGE_CURVE('',#1074,#1072,#894,.T.);
#1353=EDGE_CURVE('',#1073,#1074,#611,.T.);
#1354=EDGE_CURVE('',#1073,#1075,#612,.T.);
#1355=EDGE_CURVE('',#1076,#1074,#613,.T.);
#1356=EDGE_CURVE('',#1075,#1076,#614,.T.);
#1357=EDGE_CURVE('',#1075,#1077,#615,.T.);
#1358=EDGE_CURVE('',#1078,#1076,#616,.T.);
#1359=EDGE_CURVE('',#1077,#1078,#617,.T.);
#1360=EDGE_CURVE('',#1079,#1077,#618,.T.);
#1361=EDGE_CURVE('',#1080,#1078,#619,.T.);
#1362=EDGE_CURVE('',#1079,#1080,#620,.T.);
#1363=EDGE_CURVE('',#1079,#1081,#895,.T.);
#1364=EDGE_CURVE('',#1082,#1080,#896,.T.);
#1365=EDGE_CURVE('',#1081,#1082,#621,.T.);
#1366=EDGE_CURVE('',#1083,#1081,#622,.T.);
#1367=EDGE_CURVE('',#1084,#1082,#623,.T.);
#1368=EDGE_CURVE('',#1083,#1084,#624,.T.);
#1369=EDGE_CURVE('',#1083,#1085,#625,.T.);
#1370=EDGE_CURVE('',#1086,#1084,#626,.T.);
#1371=EDGE_CURVE('',#1085,#1086,#627,.T.);
#1372=EDGE_CURVE('',#1087,#1085,#628,.T.);
#1373=EDGE_CURVE('',#1088,#1086,#629,.T.);
#1374=EDGE_CURVE('',#1087,#1088,#630,.T.);
#1375=EDGE_CURVE('',#1049,#1087,#631,.T.);
#1376=EDGE_CURVE('',#1051,#1088,#632,.T.);
#1377=ORIENTED_EDGE('',*,*,#1089,.F.);
#1378=ORIENTED_EDGE('',*,*,#1090,.T.);
#1379=ORIENTED_EDGE('',*,*,#1091,.F.);
#1380=ORIENTED_EDGE('',*,*,#1090,.F.);
#1381=ORIENTED_EDGE('',*,*,#1092,.F.);
#1382=ORIENTED_EDGE('',*,*,#1093,.T.);
#1383=ORIENTED_EDGE('',*,*,#1094,.F.);
#1384=ORIENTED_EDGE('',*,*,#1093,.F.);
#1385=ORIENTED_EDGE('',*,*,#1095,.F.);
#1386=ORIENTED_EDGE('',*,*,#1096,.T.);
#1387=ORIENTED_EDGE('',*,*,#1097,.F.);
#1388=ORIENTED_EDGE('',*,*,#1096,.F.);
#1389=ORIENTED_EDGE('',*,*,#1098,.F.);
#1390=ORIENTED_EDGE('',*,*,#1099,.T.);
#1391=ORIENTED_EDGE('',*,*,#1100,.F.);
#1392=ORIENTED_EDGE('',*,*,#1099,.F.);
#1393=ORIENTED_EDGE('',*,*,#1101,.F.);
#1394=ORIENTED_EDGE('',*,*,#1102,.T.);
#1395=ORIENTED_EDGE('',*,*,#1103,.F.);
#1396=ORIENTED_EDGE('',*,*,#1102,.F.);
#1397=ORIENTED_EDGE('',*,*,#1104,.F.);
#1398=ORIENTED_EDGE('',*,*,#1105,.T.);
#1399=ORIENTED_EDGE('',*,*,#1106,.F.);
#1400=ORIENTED_EDGE('',*,*,#1105,.F.);
#1401=ORIENTED_EDGE('',*,*,#1107,.F.);
#1402=ORIENTED_EDGE('',*,*,#1108,.T.);
#1403=ORIENTED_EDGE('',*,*,#1109,.F.);
#1404=ORIENTED_EDGE('',*,*,#1108,.F.);
#1405=ORIENTED_EDGE('',*,*,#1110,.F.);
#1406=ORIENTED_EDGE('',*,*,#1111,.T.);
#1407=ORIENTED_EDGE('',*,*,#1112,.F.);
#1408=ORIENTED_EDGE('',*,*,#1111,.F.);
#1409=ORIENTED_EDGE('',*,*,#1113,.F.);
#1410=ORIENTED_EDGE('',*,*,#1114,.T.);
#1411=ORIENTED_EDGE('',*,*,#1115,.F.);
#1412=ORIENTED_EDGE('',*,*,#1114,.F.);
#1413=ORIENTED_EDGE('',*,*,#1116,.F.);
#1414=ORIENTED_EDGE('',*,*,#1117,.T.);
#1415=ORIENTED_EDGE('',*,*,#1118,.F.);
#1416=ORIENTED_EDGE('',*,*,#1117,.F.);
#1417=ORIENTED_EDGE('',*,*,#1119,.F.);
#1418=ORIENTED_EDGE('',*,*,#1120,.T.);
#1419=ORIENTED_EDGE('',*,*,#1121,.F.);
#1420=ORIENTED_EDGE('',*,*,#1120,.F.);
#1421=ORIENTED_EDGE('',*,*,#1122,.F.);
#1422=ORIENTED_EDGE('',*,*,#1123,.T.);
#1423=ORIENTED_EDGE('',*,*,#1124,.F.);
#1424=ORIENTED_EDGE('',*,*,#1123,.F.);
#1425=ORIENTED_EDGE('',*,*,#1125,.F.);
#1426=ORIENTED_EDGE('',*,*,#1126,.T.);
#1427=ORIENTED_EDGE('',*,*,#1127,.F.);
#1428=ORIENTED_EDGE('',*,*,#1126,.F.);
#1429=ORIENTED_EDGE('',*,*,#1128,.F.);
#1430=ORIENTED_EDGE('',*,*,#1129,.T.);
#1431=ORIENTED_EDGE('',*,*,#1130,.F.);
#1432=ORIENTED_EDGE('',*,*,#1129,.F.);
#1433=ORIENTED_EDGE('',*,*,#1131,.F.);
#1434=ORIENTED_EDGE('',*,*,#1132,.T.);
#1435=ORIENTED_EDGE('',*,*,#1133,.F.);
#1436=ORIENTED_EDGE('',*,*,#1132,.F.);
#1437=ORIENTED_EDGE('',*,*,#1134,.F.);
#1438=ORIENTED_EDGE('',*,*,#1135,.T.);
#1439=ORIENTED_EDGE('',*,*,#1136,.F.);
#1440=ORIENTED_EDGE('',*,*,#1135,.F.);
#1441=ORIENTED_EDGE('',*,*,#1137,.F.);
#1442=ORIENTED_EDGE('',*,*,#1138,.T.);
#1443=ORIENTED_EDGE('',*,*,#1139,.F.);
#1444=ORIENTED_EDGE('',*,*,#1138,.F.);
#1445=ORIENTED_EDGE('',*,*,#1140,.F.);
#1446=ORIENTED_EDGE('',*,*,#1141,.T.);
#1447=ORIENTED_EDGE('',*,*,#1142,.F.);
#1448=ORIENTED_EDGE('',*,*,#1141,.F.);
#1449=ORIENTED_EDGE('',*,*,#1143,.F.);
#1450=ORIENTED_EDGE('',*,*,#1144,.T.);
#1451=ORIENTED_EDGE('',*,*,#1145,.F.);
#1452=ORIENTED_EDGE('',*,*,#1144,.F.);
#1453=ORIENTED_EDGE('',*,*,#1146,.F.);
#1454=ORIENTED_EDGE('',*,*,#1147,.T.);
#1455=ORIENTED_EDGE('',*,*,#1148,.F.);
#1456=ORIENTED_EDGE('',*,*,#1147,.F.);
#1457=ORIENTED_EDGE('',*,*,#1149,.F.);
#1458=ORIENTED_EDGE('',*,*,#1150,.T.);
#1459=ORIENTED_EDGE('',*,*,#1151,.F.);
#1460=ORIENTED_EDGE('',*,*,#1150,.F.);
#1461=ORIENTED_EDGE('',*,*,#1152,.F.);
#1462=ORIENTED_EDGE('',*,*,#1153,.T.);
#1463=ORIENTED_EDGE('',*,*,#1154,.F.);
#1464=ORIENTED_EDGE('',*,*,#1153,.F.);
#1465=ORIENTED_EDGE('',*,*,#1155,.F.);
#1466=ORIENTED_EDGE('',*,*,#1156,.T.);
#1467=ORIENTED_EDGE('',*,*,#1157,.F.);
#1468=ORIENTED_EDGE('',*,*,#1156,.F.);
#1469=ORIENTED_EDGE('',*,*,#1158,.F.);
#1470=ORIENTED_EDGE('',*,*,#1159,.T.);
#1471=ORIENTED_EDGE('',*,*,#1160,.F.);
#1472=ORIENTED_EDGE('',*,*,#1161,.F.);
#1473=ORIENTED_EDGE('',*,*,#1162,.F.);
#1474=ORIENTED_EDGE('',*,*,#1161,.T.);
#1475=ORIENTED_EDGE('',*,*,#1163,.F.);
#1476=ORIENTED_EDGE('',*,*,#1159,.F.);
#1477=ORIENTED_EDGE('',*,*,#1164,.F.);
#1478=ORIENTED_EDGE('',*,*,#1165,.T.);
#1479=ORIENTED_EDGE('',*,*,#1166,.F.);
#1480=ORIENTED_EDGE('',*,*,#1167,.F.);
#1481=ORIENTED_EDGE('',*,*,#1168,.F.);
#1482=ORIENTED_EDGE('',*,*,#1167,.T.);
#1483=ORIENTED_EDGE('',*,*,#1169,.F.);
#1484=ORIENTED_EDGE('',*,*,#1170,.F.);
#1485=ORIENTED_EDGE('',*,*,#1171,.F.);
#1486=ORIENTED_EDGE('',*,*,#1172,.T.);
#1487=ORIENTED_EDGE('',*,*,#1173,.F.);
#1488=ORIENTED_EDGE('',*,*,#1165,.F.);
#1489=ORIENTED_EDGE('',*,*,#1174,.F.);
#1490=ORIENTED_EDGE('',*,*,#1175,.T.);
#1491=ORIENTED_EDGE('',*,*,#1169,.T.);
#1492=ORIENTED_EDGE('',*,*,#1166,.T.);
#1493=ORIENTED_EDGE('',*,*,#1173,.T.);
#1494=ORIENTED_EDGE('',*,*,#1176,.T.);
#1495=ORIENTED_EDGE('',*,*,#1177,.F.);
#1496=ORIENTED_EDGE('',*,*,#1178,.F.);
#1497=ORIENTED_EDGE('',*,*,#1163,.T.);
#1498=ORIENTED_EDGE('',*,*,#1160,.T.);
#1499=ORIENTED_EDGE('',*,*,#1157,.T.);
#1500=ORIENTED_EDGE('',*,*,#1154,.T.);
#1501=ORIENTED_EDGE('',*,*,#1151,.T.);
#1502=ORIENTED_EDGE('',*,*,#1148,.T.);
#1503=ORIENTED_EDGE('',*,*,#1145,.T.);
#1504=ORIENTED_EDGE('',*,*,#1142,.T.);
#1505=ORIENTED_EDGE('',*,*,#1139,.T.);
#1506=ORIENTED_EDGE('',*,*,#1136,.T.);
#1507=ORIENTED_EDGE('',*,*,#1133,.T.);
#1508=ORIENTED_EDGE('',*,*,#1130,.T.);
#1509=ORIENTED_EDGE('',*,*,#1127,.T.);
#1510=ORIENTED_EDGE('',*,*,#1124,.T.);
#1511=ORIENTED_EDGE('',*,*,#1121,.T.);
#1512=ORIENTED_EDGE('',*,*,#1118,.T.);
#1513=ORIENTED_EDGE('',*,*,#1174,.T.);
#1514=ORIENTED_EDGE('',*,*,#1179,.F.);
#1515=ORIENTED_EDGE('',*,*,#1180,.T.);
#1516=ORIENTED_EDGE('',*,*,#1181,.T.);
#1517=ORIENTED_EDGE('',*,*,#1178,.T.);
#1518=ORIENTED_EDGE('',*,*,#1182,.T.);
#1519=ORIENTED_EDGE('',*,*,#1183,.T.);
#1520=ORIENTED_EDGE('',*,*,#1179,.T.);
#1521=ORIENTED_EDGE('',*,*,#1177,.T.);
#1522=ORIENTED_EDGE('',*,*,#1184,.T.);
#1523=ORIENTED_EDGE('',*,*,#1185,.T.);
#1524=ORIENTED_EDGE('',*,*,#1182,.F.);
#1525=ORIENTED_EDGE('',*,*,#1186,.F.);
#1526=ORIENTED_EDGE('',*,*,#1170,.T.);
#1527=ORIENTED_EDGE('',*,*,#1175,.F.);
#1528=ORIENTED_EDGE('',*,*,#1181,.F.);
#1529=ORIENTED_EDGE('',*,*,#1187,.T.);
#1530=ORIENTED_EDGE('',*,*,#1184,.F.);
#1531=ORIENTED_EDGE('',*,*,#1176,.F.);
#1532=ORIENTED_EDGE('',*,*,#1172,.F.);
#1533=ORIENTED_EDGE('',*,*,#1188,.F.);
#1534=ORIENTED_EDGE('',*,*,#1189,.F.);
#1535=ORIENTED_EDGE('',*,*,#1190,.T.);
#1536=ORIENTED_EDGE('',*,*,#1191,.F.);
#1537=ORIENTED_EDGE('',*,*,#1183,.F.);
#1538=ORIENTED_EDGE('',*,*,#1185,.F.);
#1539=ORIENTED_EDGE('',*,*,#1187,.F.);
#1540=ORIENTED_EDGE('',*,*,#1180,.F.);
#1541=ORIENTED_EDGE('',*,*,#1089,.T.);
#1542=ORIENTED_EDGE('',*,*,#1092,.T.);
#1543=ORIENTED_EDGE('',*,*,#1095,.T.);
#1544=ORIENTED_EDGE('',*,*,#1098,.T.);
#1545=ORIENTED_EDGE('',*,*,#1101,.T.);
#1546=ORIENTED_EDGE('',*,*,#1104,.T.);
#1547=ORIENTED_EDGE('',*,*,#1107,.T.);
#1548=ORIENTED_EDGE('',*,*,#1110,.T.);
#1549=ORIENTED_EDGE('',*,*,#1113,.T.);
#1550=ORIENTED_EDGE('',*,*,#1192,.F.);
#1551=ORIENTED_EDGE('',*,*,#1193,.F.);
#1552=ORIENTED_EDGE('',*,*,#1190,.F.);
#1553=ORIENTED_EDGE('',*,*,#1194,.F.);
#1554=ORIENTED_EDGE('',*,*,#1195,.F.);
#1555=ORIENTED_EDGE('',*,*,#1196,.F.);
#1556=ORIENTED_EDGE('',*,*,#1091,.T.);
#1557=ORIENTED_EDGE('',*,*,#1094,.T.);
#1558=ORIENTED_EDGE('',*,*,#1097,.T.);
#1559=ORIENTED_EDGE('',*,*,#1100,.T.);
#1560=ORIENTED_EDGE('',*,*,#1103,.T.);
#1561=ORIENTED_EDGE('',*,*,#1106,.T.);
#1562=ORIENTED_EDGE('',*,*,#1109,.T.);
#1563=ORIENTED_EDGE('',*,*,#1112,.T.);
#1564=ORIENTED_EDGE('',*,*,#1115,.T.);
#1565=ORIENTED_EDGE('',*,*,#1197,.F.);
#1566=ORIENTED_EDGE('',*,*,#1196,.T.);
#1567=ORIENTED_EDGE('',*,*,#1192,.T.);
#1568=ORIENTED_EDGE('',*,*,#1197,.T.);
#1569=ORIENTED_EDGE('',*,*,#1195,.T.);
#1570=ORIENTED_EDGE('',*,*,#1198,.T.);
#1571=ORIENTED_EDGE('',*,*,#1199,.F.);
#1572=ORIENTED_EDGE('',*,*,#1200,.T.);
#1573=ORIENTED_EDGE('',*,*,#1194,.T.);
#1574=ORIENTED_EDGE('',*,*,#1189,.T.);
#1575=ORIENTED_EDGE('',*,*,#1201,.T.);
#1576=ORIENTED_EDGE('',*,*,#1198,.F.);
#1577=ORIENTED_EDGE('',*,*,#1193,.T.);
#1578=ORIENTED_EDGE('',*,*,#1200,.F.);
#1579=ORIENTED_EDGE('',*,*,#1202,.F.);
#1580=ORIENTED_EDGE('',*,*,#1191,.T.);
#1581=ORIENTED_EDGE('',*,*,#1188,.T.);
#1582=ORIENTED_EDGE('',*,*,#1171,.T.);
#1583=ORIENTED_EDGE('',*,*,#1164,.T.);
#1584=ORIENTED_EDGE('',*,*,#1168,.T.);
#1585=ORIENTED_EDGE('',*,*,#1186,.T.);
#1586=ORIENTED_EDGE('',*,*,#1202,.T.);
#1587=ORIENTED_EDGE('',*,*,#1199,.T.);
#1588=ORIENTED_EDGE('',*,*,#1201,.F.);
#1589=ORIENTED_EDGE('',*,*,#1162,.T.);
#1590=ORIENTED_EDGE('',*,*,#1158,.T.);
#1591=ORIENTED_EDGE('',*,*,#1155,.T.);
#1592=ORIENTED_EDGE('',*,*,#1152,.T.);
#1593=ORIENTED_EDGE('',*,*,#1149,.T.);
#1594=ORIENTED_EDGE('',*,*,#1146,.T.);
#1595=ORIENTED_EDGE('',*,*,#1143,.T.);
#1596=ORIENTED_EDGE('',*,*,#1140,.T.);
#1597=ORIENTED_EDGE('',*,*,#1137,.T.);
#1598=ORIENTED_EDGE('',*,*,#1134,.T.);
#1599=ORIENTED_EDGE('',*,*,#1131,.T.);
#1600=ORIENTED_EDGE('',*,*,#1128,.T.);
#1601=ORIENTED_EDGE('',*,*,#1125,.T.);
#1602=ORIENTED_EDGE('',*,*,#1122,.T.);
#1603=ORIENTED_EDGE('',*,*,#1119,.T.);
#1604=ORIENTED_EDGE('',*,*,#1116,.T.);
#1605=ORIENTED_EDGE('',*,*,#1203,.T.);
#1606=ORIENTED_EDGE('',*,*,#1204,.T.);
#1607=ORIENTED_EDGE('',*,*,#1205,.T.);
#1608=ORIENTED_EDGE('',*,*,#1204,.F.);
#1609=ORIENTED_EDGE('',*,*,#1206,.T.);
#1610=ORIENTED_EDGE('',*,*,#1207,.T.);
#1611=ORIENTED_EDGE('',*,*,#1208,.T.);
#1612=ORIENTED_EDGE('',*,*,#1207,.F.);
#1613=ORIENTED_EDGE('',*,*,#1209,.T.);
#1614=ORIENTED_EDGE('',*,*,#1210,.T.);
#1615=ORIENTED_EDGE('',*,*,#1211,.T.);
#1616=ORIENTED_EDGE('',*,*,#1210,.F.);
#1617=ORIENTED_EDGE('',*,*,#1212,.T.);
#1618=ORIENTED_EDGE('',*,*,#1213,.T.);
#1619=ORIENTED_EDGE('',*,*,#1214,.T.);
#1620=ORIENTED_EDGE('',*,*,#1213,.F.);
#1621=ORIENTED_EDGE('',*,*,#1215,.T.);
#1622=ORIENTED_EDGE('',*,*,#1216,.T.);
#1623=ORIENTED_EDGE('',*,*,#1217,.T.);
#1624=ORIENTED_EDGE('',*,*,#1216,.F.);
#1625=ORIENTED_EDGE('',*,*,#1218,.T.);
#1626=ORIENTED_EDGE('',*,*,#1219,.T.);
#1627=ORIENTED_EDGE('',*,*,#1220,.T.);
#1628=ORIENTED_EDGE('',*,*,#1219,.F.);
#1629=ORIENTED_EDGE('',*,*,#1221,.T.);
#1630=ORIENTED_EDGE('',*,*,#1222,.T.);
#1631=ORIENTED_EDGE('',*,*,#1223,.T.);
#1632=ORIENTED_EDGE('',*,*,#1222,.F.);
#1633=ORIENTED_EDGE('',*,*,#1224,.T.);
#1634=ORIENTED_EDGE('',*,*,#1225,.T.);
#1635=ORIENTED_EDGE('',*,*,#1226,.T.);
#1636=ORIENTED_EDGE('',*,*,#1225,.F.);
#1637=ORIENTED_EDGE('',*,*,#1227,.T.);
#1638=ORIENTED_EDGE('',*,*,#1228,.T.);
#1639=ORIENTED_EDGE('',*,*,#1229,.T.);
#1640=ORIENTED_EDGE('',*,*,#1228,.F.);
#1641=ORIENTED_EDGE('',*,*,#1230,.T.);
#1642=ORIENTED_EDGE('',*,*,#1231,.T.);
#1643=ORIENTED_EDGE('',*,*,#1232,.T.);
#1644=ORIENTED_EDGE('',*,*,#1231,.F.);
#1645=ORIENTED_EDGE('',*,*,#1233,.T.);
#1646=ORIENTED_EDGE('',*,*,#1234,.T.);
#1647=ORIENTED_EDGE('',*,*,#1235,.T.);
#1648=ORIENTED_EDGE('',*,*,#1234,.F.);
#1649=ORIENTED_EDGE('',*,*,#1236,.T.);
#1650=ORIENTED_EDGE('',*,*,#1237,.T.);
#1651=ORIENTED_EDGE('',*,*,#1238,.T.);
#1652=ORIENTED_EDGE('',*,*,#1237,.F.);
#1653=ORIENTED_EDGE('',*,*,#1239,.T.);
#1654=ORIENTED_EDGE('',*,*,#1240,.T.);
#1655=ORIENTED_EDGE('',*,*,#1241,.T.);
#1656=ORIENTED_EDGE('',*,*,#1240,.F.);
#1657=ORIENTED_EDGE('',*,*,#1242,.T.);
#1658=ORIENTED_EDGE('',*,*,#1243,.T.);
#1659=ORIENTED_EDGE('',*,*,#1244,.T.);
#1660=ORIENTED_EDGE('',*,*,#1243,.F.);
#1661=ORIENTED_EDGE('',*,*,#1245,.T.);
#1662=ORIENTED_EDGE('',*,*,#1246,.T.);
#1663=ORIENTED_EDGE('',*,*,#1247,.T.);
#1664=ORIENTED_EDGE('',*,*,#1246,.F.);
#1665=ORIENTED_EDGE('',*,*,#1248,.T.);
#1666=ORIENTED_EDGE('',*,*,#1249,.T.);
#1667=ORIENTED_EDGE('',*,*,#1250,.T.);
#1668=ORIENTED_EDGE('',*,*,#1249,.F.);
#1669=ORIENTED_EDGE('',*,*,#1251,.T.);
#1670=ORIENTED_EDGE('',*,*,#1252,.T.);
#1671=ORIENTED_EDGE('',*,*,#1253,.T.);
#1672=ORIENTED_EDGE('',*,*,#1252,.F.);
#1673=ORIENTED_EDGE('',*,*,#1254,.T.);
#1674=ORIENTED_EDGE('',*,*,#1255,.T.);
#1675=ORIENTED_EDGE('',*,*,#1256,.T.);
#1676=ORIENTED_EDGE('',*,*,#1255,.F.);
#1677=ORIENTED_EDGE('',*,*,#1257,.T.);
#1678=ORIENTED_EDGE('',*,*,#1258,.T.);
#1679=ORIENTED_EDGE('',*,*,#1259,.T.);
#1680=ORIENTED_EDGE('',*,*,#1258,.F.);
#1681=ORIENTED_EDGE('',*,*,#1260,.T.);
#1682=ORIENTED_EDGE('',*,*,#1261,.T.);
#1683=ORIENTED_EDGE('',*,*,#1262,.T.);
#1684=ORIENTED_EDGE('',*,*,#1261,.F.);
#1685=ORIENTED_EDGE('',*,*,#1263,.T.);
#1686=ORIENTED_EDGE('',*,*,#1264,.T.);
#1687=ORIENTED_EDGE('',*,*,#1265,.T.);
#1688=ORIENTED_EDGE('',*,*,#1264,.F.);
#1689=ORIENTED_EDGE('',*,*,#1266,.T.);
#1690=ORIENTED_EDGE('',*,*,#1267,.T.);
#1691=ORIENTED_EDGE('',*,*,#1268,.T.);
#1692=ORIENTED_EDGE('',*,*,#1267,.F.);
#1693=ORIENTED_EDGE('',*,*,#1269,.T.);
#1694=ORIENTED_EDGE('',*,*,#1270,.T.);
#1695=ORIENTED_EDGE('',*,*,#1271,.T.);
#1696=ORIENTED_EDGE('',*,*,#1270,.F.);
#1697=ORIENTED_EDGE('',*,*,#1272,.T.);
#1698=ORIENTED_EDGE('',*,*,#1273,.T.);
#1699=ORIENTED_EDGE('',*,*,#1274,.T.);
#1700=ORIENTED_EDGE('',*,*,#1275,.F.);
#1701=ORIENTED_EDGE('',*,*,#1276,.T.);
#1702=ORIENTED_EDGE('',*,*,#1275,.T.);
#1703=ORIENTED_EDGE('',*,*,#1277,.T.);
#1704=ORIENTED_EDGE('',*,*,#1273,.F.);
#1705=ORIENTED_EDGE('',*,*,#1278,.T.);
#1706=ORIENTED_EDGE('',*,*,#1279,.T.);
#1707=ORIENTED_EDGE('',*,*,#1280,.T.);
#1708=ORIENTED_EDGE('',*,*,#1281,.F.);
#1709=ORIENTED_EDGE('',*,*,#1282,.T.);
#1710=ORIENTED_EDGE('',*,*,#1283,.T.);
#1711=ORIENTED_EDGE('',*,*,#1284,.T.);
#1712=ORIENTED_EDGE('',*,*,#1279,.F.);
#1713=ORIENTED_EDGE('',*,*,#1285,.T.);
#1714=ORIENTED_EDGE('',*,*,#1281,.T.);
#1715=ORIENTED_EDGE('',*,*,#1286,.T.);
#1716=ORIENTED_EDGE('',*,*,#1287,.F.);
#1717=ORIENTED_EDGE('',*,*,#1288,.T.);
#1718=ORIENTED_EDGE('',*,*,#1289,.T.);
#1719=ORIENTED_EDGE('',*,*,#1290,.T.);
#1720=ORIENTED_EDGE('',*,*,#1291,.F.);
#1721=ORIENTED_EDGE('',*,*,#1286,.F.);
#1722=ORIENTED_EDGE('',*,*,#1280,.F.);
#1723=ORIENTED_EDGE('',*,*,#1284,.F.);
#1724=ORIENTED_EDGE('',*,*,#1292,.F.);
#1725=ORIENTED_EDGE('',*,*,#1277,.F.);
#1726=ORIENTED_EDGE('',*,*,#1274,.F.);
#1727=ORIENTED_EDGE('',*,*,#1271,.F.);
#1728=ORIENTED_EDGE('',*,*,#1268,.F.);
#1729=ORIENTED_EDGE('',*,*,#1265,.F.);
#1730=ORIENTED_EDGE('',*,*,#1262,.F.);
#1731=ORIENTED_EDGE('',*,*,#1259,.F.);
#1732=ORIENTED_EDGE('',*,*,#1256,.F.);
#1733=ORIENTED_EDGE('',*,*,#1253,.F.);
#1734=ORIENTED_EDGE('',*,*,#1250,.F.);
#1735=ORIENTED_EDGE('',*,*,#1247,.F.);
#1736=ORIENTED_EDGE('',*,*,#1244,.F.);
#1737=ORIENTED_EDGE('',*,*,#1241,.F.);
#1738=ORIENTED_EDGE('',*,*,#1238,.F.);
#1739=ORIENTED_EDGE('',*,*,#1235,.F.);
#1740=ORIENTED_EDGE('',*,*,#1232,.F.);
#1741=ORIENTED_EDGE('',*,*,#1288,.F.);
#1742=ORIENTED_EDGE('',*,*,#1293,.F.);
#1743=ORIENTED_EDGE('',*,*,#1294,.F.);
#1744=ORIENTED_EDGE('',*,*,#1295,.T.);
#1745=ORIENTED_EDGE('',*,*,#1289,.F.);
#1746=ORIENTED_EDGE('',*,*,#1295,.F.);
#1747=ORIENTED_EDGE('',*,*,#1296,.F.);
#1748=ORIENTED_EDGE('',*,*,#1297,.F.);
#1749=ORIENTED_EDGE('',*,*,#1290,.F.);
#1750=ORIENTED_EDGE('',*,*,#1297,.T.);
#1751=ORIENTED_EDGE('',*,*,#1298,.F.);
#1752=ORIENTED_EDGE('',*,*,#1299,.F.);
#1753=ORIENTED_EDGE('',*,*,#1300,.T.);
#1754=ORIENTED_EDGE('',*,*,#1301,.T.);
#1755=ORIENTED_EDGE('',*,*,#1302,.F.);
#1756=ORIENTED_EDGE('',*,*,#1303,.T.);
#1757=ORIENTED_EDGE('',*,*,#1304,.T.);
#1758=ORIENTED_EDGE('',*,*,#1287,.T.);
#1759=ORIENTED_EDGE('',*,*,#1291,.T.);
#1760=ORIENTED_EDGE('',*,*,#1299,.T.);
#1761=ORIENTED_EDGE('',*,*,#1305,.F.);
#1762=ORIENTED_EDGE('',*,*,#1293,.T.);
#1763=ORIENTED_EDGE('',*,*,#1292,.T.);
#1764=ORIENTED_EDGE('',*,*,#1283,.F.);
#1765=ORIENTED_EDGE('',*,*,#1296,.T.);
#1766=ORIENTED_EDGE('',*,*,#1294,.T.);
#1767=ORIENTED_EDGE('',*,*,#1305,.T.);
#1768=ORIENTED_EDGE('',*,*,#1298,.T.);
#1769=ORIENTED_EDGE('',*,*,#1203,.F.);
#1770=ORIENTED_EDGE('',*,*,#1206,.F.);
#1771=ORIENTED_EDGE('',*,*,#1209,.F.);
#1772=ORIENTED_EDGE('',*,*,#1212,.F.);
#1773=ORIENTED_EDGE('',*,*,#1215,.F.);
#1774=ORIENTED_EDGE('',*,*,#1218,.F.);
#1775=ORIENTED_EDGE('',*,*,#1221,.F.);
#1776=ORIENTED_EDGE('',*,*,#1224,.F.);
#1777=ORIENTED_EDGE('',*,*,#1227,.F.);
#1778=ORIENTED_EDGE('',*,*,#1306,.T.);
#1779=ORIENTED_EDGE('',*,*,#1307,.T.);
#1780=ORIENTED_EDGE('',*,*,#1308,.T.);
#1781=ORIENTED_EDGE('',*,*,#1309,.T.);
#1782=ORIENTED_EDGE('',*,*,#1302,.T.);
#1783=ORIENTED_EDGE('',*,*,#1310,.T.);
#1784=ORIENTED_EDGE('',*,*,#1205,.F.);
#1785=ORIENTED_EDGE('',*,*,#1208,.F.);
#1786=ORIENTED_EDGE('',*,*,#1211,.F.);
#1787=ORIENTED_EDGE('',*,*,#1214,.F.);
#1788=ORIENTED_EDGE('',*,*,#1217,.F.);
#1789=ORIENTED_EDGE('',*,*,#1220,.F.);
#1790=ORIENTED_EDGE('',*,*,#1223,.F.);
#1791=ORIENTED_EDGE('',*,*,#1226,.F.);
#1792=ORIENTED_EDGE('',*,*,#1229,.F.);
#1793=ORIENTED_EDGE('',*,*,#1311,.T.);
#1794=ORIENTED_EDGE('',*,*,#1307,.F.);
#1795=ORIENTED_EDGE('',*,*,#1306,.F.);
#1796=ORIENTED_EDGE('',*,*,#1312,.F.);
#1797=ORIENTED_EDGE('',*,*,#1313,.T.);
#1798=ORIENTED_EDGE('',*,*,#1314,.F.);
#1799=ORIENTED_EDGE('',*,*,#1308,.F.);
#1800=ORIENTED_EDGE('',*,*,#1311,.F.);
#1801=ORIENTED_EDGE('',*,*,#1309,.F.);
#1802=ORIENTED_EDGE('',*,*,#1314,.T.);
#1803=ORIENTED_EDGE('',*,*,#1315,.F.);
#1804=ORIENTED_EDGE('',*,*,#1303,.F.);
#1805=ORIENTED_EDGE('',*,*,#1310,.F.);
#1806=ORIENTED_EDGE('',*,*,#1301,.F.);
#1807=ORIENTED_EDGE('',*,*,#1316,.T.);
#1808=ORIENTED_EDGE('',*,*,#1312,.T.);
#1809=ORIENTED_EDGE('',*,*,#1304,.F.);
#1810=ORIENTED_EDGE('',*,*,#1315,.T.);
#1811=ORIENTED_EDGE('',*,*,#1313,.F.);
#1812=ORIENTED_EDGE('',*,*,#1316,.F.);
#1813=ORIENTED_EDGE('',*,*,#1300,.F.);
#1814=ORIENTED_EDGE('',*,*,#1282,.F.);
#1815=ORIENTED_EDGE('',*,*,#1278,.F.);
#1816=ORIENTED_EDGE('',*,*,#1285,.F.);
#1817=ORIENTED_EDGE('',*,*,#1276,.F.);
#1818=ORIENTED_EDGE('',*,*,#1272,.F.);
#1819=ORIENTED_EDGE('',*,*,#1269,.F.);
#1820=ORIENTED_EDGE('',*,*,#1266,.F.);
#1821=ORIENTED_EDGE('',*,*,#1263,.F.);
#1822=ORIENTED_EDGE('',*,*,#1260,.F.);
#1823=ORIENTED_EDGE('',*,*,#1257,.F.);
#1824=ORIENTED_EDGE('',*,*,#1254,.F.);
#1825=ORIENTED_EDGE('',*,*,#1251,.F.);
#1826=ORIENTED_EDGE('',*,*,#1248,.F.);
#1827=ORIENTED_EDGE('',*,*,#1245,.F.);
#1828=ORIENTED_EDGE('',*,*,#1242,.F.);
#1829=ORIENTED_EDGE('',*,*,#1239,.F.);
#1830=ORIENTED_EDGE('',*,*,#1236,.F.);
#1831=ORIENTED_EDGE('',*,*,#1233,.F.);
#1832=ORIENTED_EDGE('',*,*,#1230,.F.);
#1833=ORIENTED_EDGE('',*,*,#1317,.F.);
#1834=ORIENTED_EDGE('',*,*,#1318,.T.);
#1835=ORIENTED_EDGE('',*,*,#1319,.F.);
#1836=ORIENTED_EDGE('',*,*,#1320,.F.);
#1837=ORIENTED_EDGE('',*,*,#1321,.F.);
#1838=ORIENTED_EDGE('',*,*,#1320,.T.);
#1839=ORIENTED_EDGE('',*,*,#1322,.F.);
#1840=ORIENTED_EDGE('',*,*,#1323,.F.);
#1841=ORIENTED_EDGE('',*,*,#1324,.F.);
#1842=ORIENTED_EDGE('',*,*,#1323,.T.);
#1843=ORIENTED_EDGE('',*,*,#1325,.F.);
#1844=ORIENTED_EDGE('',*,*,#1326,.F.);
#1845=ORIENTED_EDGE('',*,*,#1327,.F.);
#1846=ORIENTED_EDGE('',*,*,#1326,.T.);
#1847=ORIENTED_EDGE('',*,*,#1328,.F.);
#1848=ORIENTED_EDGE('',*,*,#1329,.F.);
#1849=ORIENTED_EDGE('',*,*,#1330,.T.);
#1850=ORIENTED_EDGE('',*,*,#1329,.T.);
#1851=ORIENTED_EDGE('',*,*,#1331,.F.);
#1852=ORIENTED_EDGE('',*,*,#1332,.F.);
#1853=ORIENTED_EDGE('',*,*,#1333,.F.);
#1854=ORIENTED_EDGE('',*,*,#1332,.T.);
#1855=ORIENTED_EDGE('',*,*,#1334,.F.);
#1856=ORIENTED_EDGE('',*,*,#1335,.F.);
#1857=ORIENTED_EDGE('',*,*,#1336,.T.);
#1858=ORIENTED_EDGE('',*,*,#1335,.T.);
#1859=ORIENTED_EDGE('',*,*,#1337,.F.);
#1860=ORIENTED_EDGE('',*,*,#1338,.F.);
#1861=ORIENTED_EDGE('',*,*,#1339,.F.);
#1862=ORIENTED_EDGE('',*,*,#1338,.T.);
#1863=ORIENTED_EDGE('',*,*,#1340,.F.);
#1864=ORIENTED_EDGE('',*,*,#1341,.F.);
#1865=ORIENTED_EDGE('',*,*,#1342,.F.);
#1866=ORIENTED_EDGE('',*,*,#1341,.T.);
#1867=ORIENTED_EDGE('',*,*,#1343,.F.);
#1868=ORIENTED_EDGE('',*,*,#1344,.F.);
#1869=ORIENTED_EDGE('',*,*,#1345,.T.);
#1870=ORIENTED_EDGE('',*,*,#1344,.T.);
#1871=ORIENTED_EDGE('',*,*,#1346,.F.);
#1872=ORIENTED_EDGE('',*,*,#1347,.F.);
#1873=ORIENTED_EDGE('',*,*,#1348,.F.);
#1874=ORIENTED_EDGE('',*,*,#1347,.T.);
#1875=ORIENTED_EDGE('',*,*,#1349,.F.);
#1876=ORIENTED_EDGE('',*,*,#1350,.F.);
#1877=ORIENTED_EDGE('',*,*,#1351,.F.);
#1878=ORIENTED_EDGE('',*,*,#1350,.T.);
#1879=ORIENTED_EDGE('',*,*,#1352,.F.);
#1880=ORIENTED_EDGE('',*,*,#1353,.F.);
#1881=ORIENTED_EDGE('',*,*,#1354,.F.);
#1882=ORIENTED_EDGE('',*,*,#1353,.T.);
#1883=ORIENTED_EDGE('',*,*,#1355,.F.);
#1884=ORIENTED_EDGE('',*,*,#1356,.F.);
#1885=ORIENTED_EDGE('',*,*,#1357,.F.);
#1886=ORIENTED_EDGE('',*,*,#1356,.T.);
#1887=ORIENTED_EDGE('',*,*,#1358,.F.);
#1888=ORIENTED_EDGE('',*,*,#1359,.F.);
#1889=ORIENTED_EDGE('',*,*,#1360,.T.);
#1890=ORIENTED_EDGE('',*,*,#1359,.T.);
#1891=ORIENTED_EDGE('',*,*,#1361,.F.);
#1892=ORIENTED_EDGE('',*,*,#1362,.F.);
#1893=ORIENTED_EDGE('',*,*,#1363,.F.);
#1894=ORIENTED_EDGE('',*,*,#1362,.T.);
#1895=ORIENTED_EDGE('',*,*,#1364,.F.);
#1896=ORIENTED_EDGE('',*,*,#1365,.F.);
#1897=ORIENTED_EDGE('',*,*,#1366,.T.);
#1898=ORIENTED_EDGE('',*,*,#1365,.T.);
#1899=ORIENTED_EDGE('',*,*,#1367,.F.);
#1900=ORIENTED_EDGE('',*,*,#1368,.F.);
#1901=ORIENTED_EDGE('',*,*,#1369,.F.);
#1902=ORIENTED_EDGE('',*,*,#1368,.T.);
#1903=ORIENTED_EDGE('',*,*,#1370,.F.);
#1904=ORIENTED_EDGE('',*,*,#1371,.F.);
#1905=ORIENTED_EDGE('',*,*,#1372,.T.);
#1906=ORIENTED_EDGE('',*,*,#1371,.T.);
#1907=ORIENTED_EDGE('',*,*,#1373,.F.);
#1908=ORIENTED_EDGE('',*,*,#1374,.F.);
#1909=ORIENTED_EDGE('',*,*,#1375,.T.);
#1910=ORIENTED_EDGE('',*,*,#1374,.T.);
#1911=ORIENTED_EDGE('',*,*,#1376,.F.);
#1912=ORIENTED_EDGE('',*,*,#1318,.F.);
#1913=ORIENTED_EDGE('',*,*,#1376,.T.);
#1914=ORIENTED_EDGE('',*,*,#1373,.T.);
#1915=ORIENTED_EDGE('',*,*,#1370,.T.);
#1916=ORIENTED_EDGE('',*,*,#1367,.T.);
#1917=ORIENTED_EDGE('',*,*,#1364,.T.);
#1918=ORIENTED_EDGE('',*,*,#1361,.T.);
#1919=ORIENTED_EDGE('',*,*,#1358,.T.);
#1920=ORIENTED_EDGE('',*,*,#1355,.T.);
#1921=ORIENTED_EDGE('',*,*,#1352,.T.);
#1922=ORIENTED_EDGE('',*,*,#1349,.T.);
#1923=ORIENTED_EDGE('',*,*,#1346,.T.);
#1924=ORIENTED_EDGE('',*,*,#1343,.T.);
#1925=ORIENTED_EDGE('',*,*,#1340,.T.);
#1926=ORIENTED_EDGE('',*,*,#1337,.T.);
#1927=ORIENTED_EDGE('',*,*,#1334,.T.);
#1928=ORIENTED_EDGE('',*,*,#1331,.T.);
#1929=ORIENTED_EDGE('',*,*,#1328,.T.);
#1930=ORIENTED_EDGE('',*,*,#1325,.T.);
#1931=ORIENTED_EDGE('',*,*,#1322,.T.);
#1932=ORIENTED_EDGE('',*,*,#1319,.T.);
#1933=ORIENTED_EDGE('',*,*,#1375,.F.);
#1934=ORIENTED_EDGE('',*,*,#1317,.T.);
#1935=ORIENTED_EDGE('',*,*,#1321,.T.);
#1936=ORIENTED_EDGE('',*,*,#1324,.T.);
#1937=ORIENTED_EDGE('',*,*,#1327,.T.);
#1938=ORIENTED_EDGE('',*,*,#1330,.F.);
#1939=ORIENTED_EDGE('',*,*,#1333,.T.);
#1940=ORIENTED_EDGE('',*,*,#1336,.F.);
#1941=ORIENTED_EDGE('',*,*,#1339,.T.);
#1942=ORIENTED_EDGE('',*,*,#1342,.T.);
#1943=ORIENTED_EDGE('',*,*,#1345,.F.);
#1944=ORIENTED_EDGE('',*,*,#1348,.T.);
#1945=ORIENTED_EDGE('',*,*,#1351,.T.);
#1946=ORIENTED_EDGE('',*,*,#1354,.T.);
#1947=ORIENTED_EDGE('',*,*,#1357,.T.);
#1948=ORIENTED_EDGE('',*,*,#1360,.F.);
#1949=ORIENTED_EDGE('',*,*,#1363,.T.);
#1950=ORIENTED_EDGE('',*,*,#1366,.F.);
#1951=ORIENTED_EDGE('',*,*,#1369,.T.);
#1952=ORIENTED_EDGE('',*,*,#1372,.F.);
#1953=CYLINDRICAL_SURFACE('',#2127,4.5);
#1954=CYLINDRICAL_SURFACE('',#2130,4.5);
#1955=CYLINDRICAL_SURFACE('',#2133,4.5);
#1956=CYLINDRICAL_SURFACE('',#2136,4.5);
#1957=CYLINDRICAL_SURFACE('',#2139,4.5);
#1958=CYLINDRICAL_SURFACE('',#2142,4.5);
#1959=CYLINDRICAL_SURFACE('',#2145,4.5);
#1960=CYLINDRICAL_SURFACE('',#2148,4.5);
#1961=CYLINDRICAL_SURFACE('',#2151,35.);
#1962=CYLINDRICAL_SURFACE('',#2154,4.25);
#1963=CYLINDRICAL_SURFACE('',#2157,4.25);
#1964=CYLINDRICAL_SURFACE('',#2160,4.25);
#1965=CYLINDRICAL_SURFACE('',#2163,4.25);
#1966=CYLINDRICAL_SURFACE('',#2166,4.25);
#1967=CYLINDRICAL_SURFACE('',#2169,4.25);
#1968=CYLINDRICAL_SURFACE('',#2172,4.25);
#1969=CYLINDRICAL_SURFACE('',#2175,4.25);
#1970=CYLINDRICAL_SURFACE('',#2178,4.25);
#1971=CYLINDRICAL_SURFACE('',#2181,4.25);
#1972=CYLINDRICAL_SURFACE('',#2184,4.25);
#1973=CYLINDRICAL_SURFACE('',#2187,4.25);
#1974=CYLINDRICAL_SURFACE('',#2190,4.25);
#1975=CYLINDRICAL_SURFACE('',#2193,4.25);
#1976=CYLINDRICAL_SURFACE('',#2196,4.25);
#1977=CYLINDRICAL_SURFACE('',#2199,4.25);
#1978=CYLINDRICAL_SURFACE('',#2202,380.);
#1979=CYLINDRICAL_SURFACE('',#2223,4.5);
#1980=CYLINDRICAL_SURFACE('',#2226,4.5);
#1981=CYLINDRICAL_SURFACE('',#2229,4.5);
#1982=CYLINDRICAL_SURFACE('',#2232,4.5);
#1983=CYLINDRICAL_SURFACE('',#2235,4.5);
#1984=CYLINDRICAL_SURFACE('',#2238,4.5);
#1985=CYLINDRICAL_SURFACE('',#2241,4.5);
#1986=CYLINDRICAL_SURFACE('',#2244,4.5);
#1987=CYLINDRICAL_SURFACE('',#2247,35.);
#1988=CYLINDRICAL_SURFACE('',#2250,4.25);
#1989=CYLINDRICAL_SURFACE('',#2253,4.25);
#1990=CYLINDRICAL_SURFACE('',#2256,4.25);
#1991=CYLINDRICAL_SURFACE('',#2259,4.25);
#1992=CYLINDRICAL_SURFACE('',#2262,4.25);
#1993=CYLINDRICAL_SURFACE('',#2265,4.25);
#1994=CYLINDRICAL_SURFACE('',#2268,4.25);
#1995=CYLINDRICAL_SURFACE('',#2271,4.25);
#1996=CYLINDRICAL_SURFACE('',#2274,4.25);
#1997=CYLINDRICAL_SURFACE('',#2277,4.25);
#1998=CYLINDRICAL_SURFACE('',#2280,4.25);
#1999=CYLINDRICAL_SURFACE('',#2283,4.25);
#2000=CYLINDRICAL_SURFACE('',#2286,4.25);
#2001=CYLINDRICAL_SURFACE('',#2289,4.25);
#2002=CYLINDRICAL_SURFACE('',#2292,4.25);
#2003=CYLINDRICAL_SURFACE('',#2295,4.25);
#2004=CYLINDRICAL_SURFACE('',#2298,380.);
#2005=CYLINDRICAL_SURFACE('',#2320,329.918508456592);
#2006=CYLINDRICAL_SURFACE('',#2326,329.918508456592);
#2007=CYLINDRICAL_SURFACE('',#2334,329.918508456592);
#2008=CYLINDRICAL_SURFACE('',#2340,329.918508456592);
#2009=ADVANCED_FACE('',(#185),#1953,.F.);
#2010=ADVANCED_FACE('',(#186),#1954,.F.);
#2011=ADVANCED_FACE('',(#187),#1955,.F.);
#2012=ADVANCED_FACE('',(#188),#1956,.F.);
#2013=ADVANCED_FACE('',(#189),#1957,.F.);
#2014=ADVANCED_FACE('',(#190),#1958,.F.);
#2015=ADVANCED_FACE('',(#191),#1959,.F.);
#2016=ADVANCED_FACE('',(#192),#1960,.F.);
#2017=ADVANCED_FACE('',(#193),#1961,.F.);
#2018=ADVANCED_FACE('',(#194),#1962,.F.);
#2019=ADVANCED_FACE('',(#195),#1963,.F.);
#2020=ADVANCED_FACE('',(#196),#1964,.F.);
#2021=ADVANCED_FACE('',(#197),#1965,.F.);
#2022=ADVANCED_FACE('',(#198),#1966,.F.);
#2023=ADVANCED_FACE('',(#199),#1967,.F.);
#2024=ADVANCED_FACE('',(#200),#1968,.F.);
#2025=ADVANCED_FACE('',(#201),#1969,.F.);
#2026=ADVANCED_FACE('',(#202),#1970,.F.);
#2027=ADVANCED_FACE('',(#203),#1971,.F.);
#2028=ADVANCED_FACE('',(#204),#1972,.F.);
#2029=ADVANCED_FACE('',(#205),#1973,.F.);
#2030=ADVANCED_FACE('',(#206),#1974,.F.);
#2031=ADVANCED_FACE('',(#207),#1975,.F.);
#2032=ADVANCED_FACE('',(#208),#1976,.F.);
#2033=ADVANCED_FACE('',(#209),#1977,.F.);
#2034=ADVANCED_FACE('',(#210),#1978,.T.);
#2035=ADVANCED_FACE('',(#211),#151,.T.);
#2036=ADVANCED_FACE('',(#212),#152,.T.);
#2037=ADVANCED_FACE('',(#213,#55,#56,#57,#58,#59,#60,#61,#62,#63,#64,#65,
#66,#67,#68,#69),#153,.F.);
#2038=ADVANCED_FACE('',(#214),#43,.T.);
#2039=ADVANCED_FACE('',(#215),#44,.T.);
#2040=ADVANCED_FACE('',(#216),#45,.T.);
#2041=ADVANCED_FACE('',(#217),#154,.F.);
#2042=ADVANCED_FACE('',(#218,#70,#71,#72,#73,#74,#75,#76,#77,#78),#155,
 .F.);
#2043=ADVANCED_FACE('',(#219,#79,#80,#81,#82,#83,#84,#85,#86,#87),#156,
 .T.);
#2044=ADVANCED_FACE('',(#220),#157,.F.);
#2045=ADVANCED_FACE('',(#221),#46,.T.);
#2046=ADVANCED_FACE('',(#222),#47,.F.);
#2047=ADVANCED_FACE('',(#223),#48,.F.);
#2048=ADVANCED_FACE('',(#224,#88,#89,#90,#91,#92,#93,#94,#95,#96,#97,#98,
#99,#100,#101,#102),#158,.T.);
#2049=ADVANCED_FACE('',(#225),#1979,.F.);
#2050=ADVANCED_FACE('',(#226),#1980,.F.);
#2051=ADVANCED_FACE('',(#227),#1981,.F.);
#2052=ADVANCED_FACE('',(#228),#1982,.F.);
#2053=ADVANCED_FACE('',(#229),#1983,.F.);
#2054=ADVANCED_FACE('',(#230),#1984,.F.);
#2055=ADVANCED_FACE('',(#231),#1985,.F.);
#2056=ADVANCED_FACE('',(#232),#1986,.F.);
#2057=ADVANCED_FACE('',(#233),#1987,.F.);
#2058=ADVANCED_FACE('',(#234),#1988,.F.);
#2059=ADVANCED_FACE('',(#235),#1989,.F.);
#2060=ADVANCED_FACE('',(#236),#1990,.F.);
#2061=ADVANCED_FACE('',(#237),#1991,.F.);
#2062=ADVANCED_FACE('',(#238),#1992,.F.);
#2063=ADVANCED_FACE('',(#239),#1993,.F.);
#2064=ADVANCED_FACE('',(#240),#1994,.F.);
#2065=ADVANCED_FACE('',(#241),#1995,.F.);
#2066=ADVANCED_FACE('',(#242),#1996,.F.);
#2067=ADVANCED_FACE('',(#243),#1997,.F.);
#2068=ADVANCED_FACE('',(#244),#1998,.F.);
#2069=ADVANCED_FACE('',(#245),#1999,.F.);
#2070=ADVANCED_FACE('',(#246),#2000,.F.);
#2071=ADVANCED_FACE('',(#247),#2001,.F.);
#2072=ADVANCED_FACE('',(#248),#2002,.F.);
#2073=ADVANCED_FACE('',(#249),#2003,.F.);
#2074=ADVANCED_FACE('',(#250),#2004,.T.);
#2075=ADVANCED_FACE('',(#251),#159,.F.);
#2076=ADVANCED_FACE('',(#252),#160,.F.);
#2077=ADVANCED_FACE('',(#253,#103,#104,#105,#106,#107,#108,#109,#110,#111,
#112,#113,#114,#115,#116,#117),#161,.T.);
#2078=ADVANCED_FACE('',(#254),#49,.F.);
#2079=ADVANCED_FACE('',(#255),#50,.F.);
#2080=ADVANCED_FACE('',(#256),#51,.F.);
#2081=ADVANCED_FACE('',(#257),#162,.T.);
#2082=ADVANCED_FACE('',(#258,#118,#119,#120,#121,#122,#123,#124,#125,#126),
#163,.T.);
#2083=ADVANCED_FACE('',(#259,#127,#128,#129,#130,#131,#132,#133,#134,#135),
#164,.F.);
#2084=ADVANCED_FACE('',(#260),#165,.T.);
#2085=ADVANCED_FACE('',(#261),#52,.F.);
#2086=ADVANCED_FACE('',(#262),#53,.T.);
#2087=ADVANCED_FACE('',(#263),#54,.T.);
#2088=ADVANCED_FACE('',(#264,#136,#137,#138,#139,#140,#141,#142,#143,#144,
#145,#146,#147,#148,#149,#150),#166,.F.);
#2089=ADVANCED_FACE('',(#265),#167,.T.);
#2090=ADVANCED_FACE('',(#266),#2005,.F.);
#2091=ADVANCED_FACE('',(#267),#168,.T.);
#2092=ADVANCED_FACE('',(#268),#169,.T.);
#2093=ADVANCED_FACE('',(#269),#170,.T.);
#2094=ADVANCED_FACE('',(#270),#2006,.F.);
#2095=ADVANCED_FACE('',(#271),#171,.T.);
#2096=ADVANCED_FACE('',(#272),#172,.T.);
#2097=ADVANCED_FACE('',(#273),#173,.T.);
#2098=ADVANCED_FACE('',(#274),#174,.T.);
#2099=ADVANCED_FACE('',(#275),#175,.T.);
#2100=ADVANCED_FACE('',(#276),#2007,.F.);
#2101=ADVANCED_FACE('',(#277),#176,.T.);
#2102=ADVANCED_FACE('',(#278),#177,.T.);
#2103=ADVANCED_FACE('',(#279),#178,.T.);
#2104=ADVANCED_FACE('',(#280),#2008,.F.);
#2105=ADVANCED_FACE('',(#281),#179,.T.);
#2106=ADVANCED_FACE('',(#282),#180,.T.);
#2107=ADVANCED_FACE('',(#283),#181,.T.);
#2108=ADVANCED_FACE('',(#284),#182,.T.);
#2109=ADVANCED_FACE('',(#285),#183,.T.);
#2110=ADVANCED_FACE('',(#286),#184,.F.);
#2111=CLOSED_SHELL('',(#2009,#2010,#2011,#2012,#2013,#2014,#2015,#2016,
#2017,#2018,#2019,#2020,#2021,#2022,#2023,#2024,#2025,#2026,#2027,#2028,
#2029,#2030,#2031,#2032,#2033,#2034,#2035,#2036,#2037,#2038,#2039,#2040,
#2041,#2042,#2043,#2044,#2045,#2046,#2047,#2048));
#2112=CLOSED_SHELL('',(#2049,#2050,#2051,#2052,#2053,#2054,#2055,#2056,
#2057,#2058,#2059,#2060,#2061,#2062,#2063,#2064,#2065,#2066,#2067,#2068,
#2069,#2070,#2071,#2072,#2073,#2074,#2075,#2076,#2077,#2078,#2079,#2080,
#2081,#2082,#2083,#2084,#2085,#2086,#2087,#2088));
#2113=CLOSED_SHELL('',(#2089,#2090,#2091,#2092,#2093,#2094,#2095,#2096,
#2097,#2098,#2099,#2100,#2101,#2102,#2103,#2104,#2105,#2106,#2107,#2108,
#2109,#2110));
#2114=DERIVED_UNIT_ELEMENT(#2116,1.);
#2115=DERIVED_UNIT_ELEMENT(#3719,-3.);
#2116=(
MASS_UNIT()
NAMED_UNIT(*)
SI_UNIT(.KILO.,.GRAM.)
);
#2117=DERIVED_UNIT((#2114,#2115));
#2118=MEASURE_REPRESENTATION_ITEM('density measure',
POSITIVE_RATIO_MEASURE(1700.),#2117);
#2119=PROPERTY_DEFINITION_REPRESENTATION(#2124,#2121);
#2120=PROPERTY_DEFINITION_REPRESENTATION(#2125,#2122);
#2121=REPRESENTATION('material name',(#2123),#3716);
#2122=REPRESENTATION('density',(#2118),#3716);
#2123=DESCRIPTIVE_REPRESENTATION_ITEM('BRFV','BRFV');
#2124=PROPERTY_DEFINITION('material property','material name',#3726);
#2125=PROPERTY_DEFINITION('material property','density of part',#3726);
#2126=AXIS2_PLACEMENT_3D('',#2943,#2349,#2350);
#2127=AXIS2_PLACEMENT_3D('',#2944,#2351,#2352);
#2128=AXIS2_PLACEMENT_3D('',#2946,#2353,#2354);
#2129=AXIS2_PLACEMENT_3D('',#2949,#2356,#2357);
#2130=AXIS2_PLACEMENT_3D('',#2950,#2358,#2359);
#2131=AXIS2_PLACEMENT_3D('',#2952,#2360,#2361);
#2132=AXIS2_PLACEMENT_3D('',#2955,#2363,#2364);
#2133=AXIS2_PLACEMENT_3D('',#2956,#2365,#2366);
#2134=AXIS2_PLACEMENT_3D('',#2958,#2367,#2368);
#2135=AXIS2_PLACEMENT_3D('',#2961,#2370,#2371);
#2136=AXIS2_PLACEMENT_3D('',#2962,#2372,#2373);
#2137=AXIS2_PLACEMENT_3D('',#2964,#2374,#2375);
#2138=AXIS2_PLACEMENT_3D('',#2967,#2377,#2378);
#2139=AXIS2_PLACEMENT_3D('',#2968,#2379,#2380);
#2140=AXIS2_PLACEMENT_3D('',#2970,#2381,#2382);
#2141=AXIS2_PLACEMENT_3D('',#2973,#2384,#2385);
#2142=AXIS2_PLACEMENT_3D('',#2974,#2386,#2387);
#2143=AXIS2_PLACEMENT_3D('',#2976,#2388,#2389);
#2144=AXIS2_PLACEMENT_3D('',#2979,#2391,#2392);
#2145=AXIS2_PLACEMENT_3D('',#2980,#2393,#2394);
#2146=AXIS2_PLACEMENT_3D('',#2982,#2395,#2396);
#2147=AXIS2_PLACEMENT_3D('',#2985,#2398,#2399);
#2148=AXIS2_PLACEMENT_3D('',#2986,#2400,#2401);
#2149=AXIS2_PLACEMENT_3D('',#2988,#2402,#2403);
#2150=AXIS2_PLACEMENT_3D('',#2991,#2405,#2406);
#2151=AXIS2_PLACEMENT_3D('',#2992,#2407,#2408);
#2152=AXIS2_PLACEMENT_3D('',#2994,#2409,#2410);
#2153=AXIS2_PLACEMENT_3D('',#2997,#2412,#2413);
#2154=AXIS2_PLACEMENT_3D('',#2998,#2414,#2415);
#2155=AXIS2_PLACEMENT_3D('',#3000,#2416,#2417);
#2156=AXIS2_PLACEMENT_3D('',#3003,#2419,#2420);
#2157=AXIS2_PLACEMENT_3D('',#3004,#2421,#2422);
#2158=AXIS2_PLACEMENT_3D('',#3006,#2423,#2424);
#2159=AXIS2_PLACEMENT_3D('',#3009,#2426,#2427);
#2160=AXIS2_PLACEMENT_3D('',#3010,#2428,#2429);
#2161=AXIS2_PLACEMENT_3D('',#3012,#2430,#2431);
#2162=AXIS2_PLACEMENT_3D('',#3015,#2433,#2434);
#2163=AXIS2_PLACEMENT_3D('',#3016,#2435,#2436);
#2164=AXIS2_PLACEMENT_3D('',#3018,#2437,#2438);
#2165=AXIS2_PLACEMENT_3D('',#3021,#2440,#2441);
#2166=AXIS2_PLACEMENT_3D('',#3022,#2442,#2443);
#2167=AXIS2_PLACEMENT_3D('',#3024,#2444,#2445);
#2168=AXIS2_PLACEMENT_3D('',#3027,#2447,#2448);
#2169=AXIS2_PLACEMENT_3D('',#3028,#2449,#2450);
#2170=AXIS2_PLACEMENT_3D('',#3030,#2451,#2452);
#2171=AXIS2_PLACEMENT_3D('',#3033,#2454,#2455);
#2172=AXIS2_PLACEMENT_3D('',#3034,#2456,#2457);
#2173=AXIS2_PLACEMENT_3D('',#3036,#2458,#2459);
#2174=AXIS2_PLACEMENT_3D('',#3039,#2461,#2462);
#2175=AXIS2_PLACEMENT_3D('',#3040,#2463,#2464);
#2176=AXIS2_PLACEMENT_3D('',#3042,#2465,#2466);
#2177=AXIS2_PLACEMENT_3D('',#3045,#2468,#2469);
#2178=AXIS2_PLACEMENT_3D('',#3046,#2470,#2471);
#2179=AXIS2_PLACEMENT_3D('',#3048,#2472,#2473);
#2180=AXIS2_PLACEMENT_3D('',#3051,#2475,#2476);
#2181=AXIS2_PLACEMENT_3D('',#3052,#2477,#2478);
#2182=AXIS2_PLACEMENT_3D('',#3054,#2479,#2480);
#2183=AXIS2_PLACEMENT_3D('',#3057,#2482,#2483);
#2184=AXIS2_PLACEMENT_3D('',#3058,#2484,#2485);
#2185=AXIS2_PLACEMENT_3D('',#3060,#2486,#2487);
#2186=AXIS2_PLACEMENT_3D('',#3063,#2489,#2490);
#2187=AXIS2_PLACEMENT_3D('',#3064,#2491,#2492);
#2188=AXIS2_PLACEMENT_3D('',#3066,#2493,#2494);
#2189=AXIS2_PLACEMENT_3D('',#3069,#2496,#2497);
#2190=AXIS2_PLACEMENT_3D('',#3070,#2498,#2499);
#2191=AXIS2_PLACEMENT_3D('',#3072,#2500,#2501);
#2192=AXIS2_PLACEMENT_3D('',#3075,#2503,#2504);
#2193=AXIS2_PLACEMENT_3D('',#3076,#2505,#2506);
#2194=AXIS2_PLACEMENT_3D('',#3078,#2507,#2508);
#2195=AXIS2_PLACEMENT_3D('',#3081,#2510,#2511);
#2196=AXIS2_PLACEMENT_3D('',#3082,#2512,#2513);
#2197=AXIS2_PLACEMENT_3D('',#3085,#2514,#2515);
#2198=AXIS2_PLACEMENT_3D('',#3089,#2517,#2518);
#2199=AXIS2_PLACEMENT_3D('',#3091,#2520,#2521);
#2200=AXIS2_PLACEMENT_3D('',#3092,#2522,#2523);
#2201=AXIS2_PLACEMENT_3D('',#3093,#2524,#2525);
#2202=AXIS2_PLACEMENT_3D('',#3094,#2526,#2527);
#2203=AXIS2_PLACEMENT_3D('',#3097,#2528,#2529);
#2204=AXIS2_PLACEMENT_3D('',#3101,#2531,#2532);
#2205=AXIS2_PLACEMENT_3D('',#3103,#2534,#2535);
#2206=AXIS2_PLACEMENT_3D('',#3109,#2539,#2540);
#2207=AXIS2_PLACEMENT_3D('',#3115,#2544,#2545);
#2208=AXIS2_PLACEMENT_3D('',#3124,#2550,#2551);
#2209=AXIS2_PLACEMENT_3D('',#3132,#2552,#2553);
#2210=AXIS2_PLACEMENT_3D('',#3135,#2555,#2556);
#2211=AXIS2_PLACEMENT_3D('',#3152,#2557,#2558);
#2212=AXIS2_PLACEMENT_3D('',#3180,#2559,#2560);
#2213=AXIS2_PLACEMENT_3D('',#3182,#2562,#2563);
#2214=AXIS2_PLACEMENT_3D('',#3189,#2567,#2568);
#2215=AXIS2_PLACEMENT_3D('',#3192,#2570,#2571);
#2216=AXIS2_PLACEMENT_3D('',#3193,#2572,#2573);
#2217=AXIS2_PLACEMENT_3D('',#3194,#2574,#2575);
#2218=AXIS2_PLACEMENT_3D('',#3222,#2579,#2580);
#2219=AXIS2_PLACEMENT_3D('',#3249,#2581,#2582);
#2220=AXIS2_PLACEMENT_3D('',#3251,#2583,#2584);
#2221=AXIS2_PLACEMENT_3D('',#3252,#2585,#2586);
#2222=AXIS2_PLACEMENT_3D('',#3267,#2589,#2590);
#2223=AXIS2_PLACEMENT_3D('',#3268,#2591,#2592);
#2224=AXIS2_PLACEMENT_3D('',#3270,#2593,#2594);
#2225=AXIS2_PLACEMENT_3D('',#3273,#2596,#2597);
#2226=AXIS2_PLACEMENT_3D('',#3274,#2598,#2599);
#2227=AXIS2_PLACEMENT_3D('',#3276,#2600,#2601);
#2228=AXIS2_PLACEMENT_3D('',#3279,#2603,#2604);
#2229=AXIS2_PLACEMENT_3D('',#3280,#2605,#2606);
#2230=AXIS2_PLACEMENT_3D('',#3282,#2607,#2608);
#2231=AXIS2_PLACEMENT_3D('',#3285,#2610,#2611);
#2232=AXIS2_PLACEMENT_3D('',#3286,#2612,#2613);
#2233=AXIS2_PLACEMENT_3D('',#3288,#2614,#2615);
#2234=AXIS2_PLACEMENT_3D('',#3291,#2617,#2618);
#2235=AXIS2_PLACEMENT_3D('',#3292,#2619,#2620);
#2236=AXIS2_PLACEMENT_3D('',#3294,#2621,#2622);
#2237=AXIS2_PLACEMENT_3D('',#3297,#2624,#2625);
#2238=AXIS2_PLACEMENT_3D('',#3298,#2626,#2627);
#2239=AXIS2_PLACEMENT_3D('',#3300,#2628,#2629);
#2240=AXIS2_PLACEMENT_3D('',#3303,#2631,#2632);
#2241=AXIS2_PLACEMENT_3D('',#3304,#2633,#2634);
#2242=AXIS2_PLACEMENT_3D('',#3306,#2635,#2636);
#2243=AXIS2_PLACEMENT_3D('',#3309,#2638,#2639);
#2244=AXIS2_PLACEMENT_3D('',#3310,#2640,#2641);
#2245=AXIS2_PLACEMENT_3D('',#3312,#2642,#2643);
#2246=AXIS2_PLACEMENT_3D('',#3315,#2645,#2646);
#2247=AXIS2_PLACEMENT_3D('',#3316,#2647,#2648);
#2248=AXIS2_PLACEMENT_3D('',#3318,#2649,#2650);
#2249=AXIS2_PLACEMENT_3D('',#3321,#2652,#2653);
#2250=AXIS2_PLACEMENT_3D('',#3322,#2654,#2655);
#2251=AXIS2_PLACEMENT_3D('',#3324,#2656,#2657);
#2252=AXIS2_PLACEMENT_3D('',#3327,#2659,#2660);
#2253=AXIS2_PLACEMENT_3D('',#3328,#2661,#2662);
#2254=AXIS2_PLACEMENT_3D('',#3330,#2663,#2664);
#2255=AXIS2_PLACEMENT_3D('',#3333,#2666,#2667);
#2256=AXIS2_PLACEMENT_3D('',#3334,#2668,#2669);
#2257=AXIS2_PLACEMENT_3D('',#3336,#2670,#2671);
#2258=AXIS2_PLACEMENT_3D('',#3339,#2673,#2674);
#2259=AXIS2_PLACEMENT_3D('',#3340,#2675,#2676);
#2260=AXIS2_PLACEMENT_3D('',#3342,#2677,#2678);
#2261=AXIS2_PLACEMENT_3D('',#3345,#2680,#2681);
#2262=AXIS2_PLACEMENT_3D('',#3346,#2682,#2683);
#2263=AXIS2_PLACEMENT_3D('',#3348,#2684,#2685);
#2264=AXIS2_PLACEMENT_3D('',#3351,#2687,#2688);
#2265=AXIS2_PLACEMENT_3D('',#3352,#2689,#2690);
#2266=AXIS2_PLACEMENT_3D('',#3354,#2691,#2692);
#2267=AXIS2_PLACEMENT_3D('',#3357,#2694,#2695);
#2268=AXIS2_PLACEMENT_3D('',#3358,#2696,#2697);
#2269=AXIS2_PLACEMENT_3D('',#3360,#2698,#2699);
#2270=AXIS2_PLACEMENT_3D('',#3363,#2701,#2702);
#2271=AXIS2_PLACEMENT_3D('',#3364,#2703,#2704);
#2272=AXIS2_PLACEMENT_3D('',#3366,#2705,#2706);
#2273=AXIS2_PLACEMENT_3D('',#3369,#2708,#2709);
#2274=AXIS2_PLACEMENT_3D('',#3370,#2710,#2711);
#2275=AXIS2_PLACEMENT_3D('',#3372,#2712,#2713);
#2276=AXIS2_PLACEMENT_3D('',#3375,#2715,#2716);
#2277=AXIS2_PLACEMENT_3D('',#3376,#2717,#2718);
#2278=AXIS2_PLACEMENT_3D('',#3378,#2719,#2720);
#2279=AXIS2_PLACEMENT_3D('',#3381,#2722,#2723);
#2280=AXIS2_PLACEMENT_3D('',#3382,#2724,#2725);
#2281=AXIS2_PLACEMENT_3D('',#3384,#2726,#2727);
#2282=AXIS2_PLACEMENT_3D('',#3387,#2729,#2730);
#2283=AXIS2_PLACEMENT_3D('',#3388,#2731,#2732);
#2284=AXIS2_PLACEMENT_3D('',#3390,#2733,#2734);
#2285=AXIS2_PLACEMENT_3D('',#3393,#2736,#2737);
#2286=AXIS2_PLACEMENT_3D('',#3394,#2738,#2739);
#2287=AXIS2_PLACEMENT_3D('',#3396,#2740,#2741);
#2288=AXIS2_PLACEMENT_3D('',#3399,#2743,#2744);
#2289=AXIS2_PLACEMENT_3D('',#3400,#2745,#2746);
#2290=AXIS2_PLACEMENT_3D('',#3402,#2747,#2748);
#2291=AXIS2_PLACEMENT_3D('',#3405,#2750,#2751);
#2292=AXIS2_PLACEMENT_3D('',#3406,#2752,#2753);
#2293=AXIS2_PLACEMENT_3D('',#3409,#2754,#2755);
#2294=AXIS2_PLACEMENT_3D('',#3413,#2757,#2758);
#2295=AXIS2_PLACEMENT_3D('',#3415,#2760,#2761);
#2296=AXIS2_PLACEMENT_3D('',#3416,#2762,#2763);
#2297=AXIS2_PLACEMENT_3D('',#3417,#2764,#2765);
#2298=AXIS2_PLACEMENT_3D('',#3418,#2766,#2767);
#2299=AXIS2_PLACEMENT_3D('',#3421,#2768,#2769);
#2300=AXIS2_PLACEMENT_3D('',#3425,#2771,#2772);
#2301=AXIS2_PLACEMENT_3D('',#3427,#2774,#2775);
#2302=AXIS2_PLACEMENT_3D('',#3433,#2779,#2780);
#2303=AXIS2_PLACEMENT_3D('',#3439,#2784,#2785);
#2304=AXIS2_PLACEMENT_3D('',#3444,#2787,#2788);
#2305=AXIS2_PLACEMENT_3D('',#3456,#2792,#2793);
#2306=AXIS2_PLACEMENT_3D('',#3459,#2795,#2796);
#2307=AXIS2_PLACEMENT_3D('',#3496,#2797,#2798);
#2308=AXIS2_PLACEMENT_3D('',#3505,#2800,#2801);
#2309=AXIS2_PLACEMENT_3D('',#3506,#2802,#2803);
#2310=AXIS2_PLACEMENT_3D('',#3510,#2805,#2806);
#2311=AXIS2_PLACEMENT_3D('',#3514,#2808,#2809);
#2312=AXIS2_PLACEMENT_3D('',#3517,#2812,#2813);
#2313=AXIS2_PLACEMENT_3D('',#3518,#2814,#2815);
#2314=AXIS2_PLACEMENT_3D('',#3546,#2819,#2820);
#2315=AXIS2_PLACEMENT_3D('',#3573,#2821,#2822);
#2316=AXIS2_PLACEMENT_3D('',#3575,#2823,#2824);
#2317=AXIS2_PLACEMENT_3D('',#3576,#2825,#2826);
#2318=AXIS2_PLACEMENT_3D('',#3591,#2829,#2830);
#2319=AXIS2_PLACEMENT_3D('',#3592,#2831,#2832);
#2320=AXIS2_PLACEMENT_3D('',#3601,#2837,#2838);
#2321=AXIS2_PLACEMENT_3D('',#3603,#2839,#2840);
#2322=AXIS2_PLACEMENT_3D('',#3605,#2841,#2842);
#2323=AXIS2_PLACEMENT_3D('',#3607,#2844,#2845);
#2324=AXIS2_PLACEMENT_3D('',#3613,#2849,#2850);
#2325=AXIS2_PLACEMENT_3D('',#3619,#2854,#2855);
#2326=AXIS2_PLACEMENT_3D('',#3625,#2859,#2860);
#2327=AXIS2_PLACEMENT_3D('',#3627,#2861,#2862);
#2328=AXIS2_PLACEMENT_3D('',#3629,#2863,#2864);
#2329=AXIS2_PLACEMENT_3D('',#3631,#2866,#2867);
#2330=AXIS2_PLACEMENT_3D('',#3637,#2871,#2872);
#2331=AXIS2_PLACEMENT_3D('',#3643,#2876,#2877);
#2332=AXIS2_PLACEMENT_3D('',#3649,#2881,#2882);
#2333=AXIS2_PLACEMENT_3D('',#3655,#2886,#2887);
#2334=AXIS2_PLACEMENT_3D('',#3661,#2891,#2892);
#2335=AXIS2_PLACEMENT_3D('',#3663,#2893,#2894);
#2336=AXIS2_PLACEMENT_3D('',#3665,#2895,#2896);
#2337=AXIS2_PLACEMENT_3D('',#3667,#2898,#2899);
#2338=AXIS2_PLACEMENT_3D('',#3673,#2903,#2904);
#2339=AXIS2_PLACEMENT_3D('',#3679,#2908,#2909);
#2340=AXIS2_PLACEMENT_3D('',#3685,#2913,#2914);
#2341=AXIS2_PLACEMENT_3D('',#3687,#2915,#2916);
#2342=AXIS2_PLACEMENT_3D('',#3689,#2917,#2918);
#2343=AXIS2_PLACEMENT_3D('',#3691,#2920,#2921);
#2344=AXIS2_PLACEMENT_3D('',#3697,#2925,#2926);
#2345=AXIS2_PLACEMENT_3D('',#3703,#2930,#2931);
#2346=AXIS2_PLACEMENT_3D('',#3709,#2935,#2936);
#2347=AXIS2_PLACEMENT_3D('',#3712,#2939,#2940);
#2348=AXIS2_PLACEMENT_3D('',#3713,#2941,#2942);
#2349=DIRECTION('axis',(0.,0.,1.));
#2350=DIRECTION('refdir',(1.,0.,0.));
#2351=DIRECTION('center_axis',(-0.984807753012208,0.17364817766693,0.));
#2352=DIRECTION('ref_axis',(0.,0.,-1.));
#2353=DIRECTION('center_axis',(-0.984807753012208,0.17364817766693,0.));
#2354=DIRECTION('ref_axis',(0.,0.,-1.));
#2355=DIRECTION('',(-0.984807753012208,0.17364817766693,0.));
#2356=DIRECTION('center_axis',(0.984807753012208,-0.17364817766693,0.));
#2357=DIRECTION('ref_axis',(0.,0.,-1.));
#2358=DIRECTION('center_axis',(-0.984807753012208,0.17364817766693,0.));
#2359=DIRECTION('ref_axis',(0.,0.,-1.));
#2360=DIRECTION('center_axis',(-0.984807753012208,0.17364817766693,0.));
#2361=DIRECTION('ref_axis',(0.,0.,-1.));
#2362=DIRECTION('',(-0.984807753012208,0.17364817766693,0.));
#2363=DIRECTION('center_axis',(0.984807753012208,-0.17364817766693,0.));
#2364=DIRECTION('ref_axis',(0.,0.,-1.));
#2365=DIRECTION('center_axis',(-0.984807753012208,0.17364817766693,0.));
#2366=DIRECTION('ref_axis',(0.,0.,-1.));
#2367=DIRECTION('center_axis',(-0.984807753012208,0.17364817766693,0.));
#2368=DIRECTION('ref_axis',(0.,0.,-1.));
#2369=DIRECTION('',(-0.984807753012208,0.17364817766693,0.));
#2370=DIRECTION('center_axis',(0.984807753012208,-0.17364817766693,0.));
#2371=DIRECTION('ref_axis',(0.,0.,-1.));
#2372=DIRECTION('center_axis',(-0.984807753012208,0.17364817766693,0.));
#2373=DIRECTION('ref_axis',(0.,0.,-1.));
#2374=DIRECTION('center_axis',(-0.984807753012208,0.17364817766693,0.));
#2375=DIRECTION('ref_axis',(0.,0.,-1.));
#2376=DIRECTION('',(-0.984807753012208,0.17364817766693,0.));
#2377=DIRECTION('center_axis',(0.984807753012208,-0.17364817766693,0.));
#2378=DIRECTION('ref_axis',(0.,0.,-1.));
#2379=DIRECTION('center_axis',(-0.984807753012208,0.17364817766693,0.));
#2380=DIRECTION('ref_axis',(0.,0.,-1.));
#2381=DIRECTION('center_axis',(-0.984807753012208,0.17364817766693,0.));
#2382=DIRECTION('ref_axis',(0.,0.,-1.));
#2383=DIRECTION('',(-0.984807753012208,0.17364817766693,0.));
#2384=DIRECTION('center_axis',(0.984807753012208,-0.17364817766693,0.));
#2385=DIRECTION('ref_axis',(0.,0.,-1.));
#2386=DIRECTION('center_axis',(-0.984807753012208,0.17364817766693,0.));
#2387=DIRECTION('ref_axis',(0.,0.,-1.));
#2388=DIRECTION('center_axis',(-0.984807753012208,0.17364817766693,0.));
#2389=DIRECTION('ref_axis',(0.,0.,-1.));
#2390=DIRECTION('',(-0.984807753012208,0.17364817766693,0.));
#2391=DIRECTION('center_axis',(0.984807753012208,-0.17364817766693,0.));
#2392=DIRECTION('ref_axis',(0.,0.,-1.));
#2393=DIRECTION('center_axis',(-0.984807753012208,0.17364817766693,0.));
#2394=DIRECTION('ref_axis',(0.,0.,-1.));
#2395=DIRECTION('center_axis',(-0.984807753012208,0.17364817766693,0.));
#2396=DIRECTION('ref_axis',(0.,0.,-1.));
#2397=DIRECTION('',(-0.984807753012208,0.17364817766693,0.));
#2398=DIRECTION('center_axis',(0.984807753012208,-0.17364817766693,0.));
#2399=DIRECTION('ref_axis',(0.,0.,-1.));
#2400=DIRECTION('center_axis',(-0.984807753012208,0.17364817766693,0.));
#2401=DIRECTION('ref_axis',(0.,0.,-1.));
#2402=DIRECTION('center_axis',(-0.984807753012208,0.17364817766693,0.));
#2403=DIRECTION('ref_axis',(0.,0.,-1.));
#2404=DIRECTION('',(-0.984807753012208,0.17364817766693,0.));
#2405=DIRECTION('center_axis',(0.984807753012208,-0.17364817766693,0.));
#2406=DIRECTION('ref_axis',(0.,0.,-1.));
#2407=DIRECTION('center_axis',(-0.984807753012208,0.17364817766693,0.));
#2408=DIRECTION('ref_axis',(0.,0.,-1.));
#2409=DIRECTION('center_axis',(-0.984807753012208,0.17364817766693,0.));
#2410=DIRECTION('ref_axis',(0.,0.,-1.));
#2411=DIRECTION('',(-0.984807753012208,0.17364817766693,0.));
#2412=DIRECTION('center_axis',(0.984807753012208,-0.17364817766693,0.));
#2413=DIRECTION('ref_axis',(0.,0.,-1.));
#2414=DIRECTION('center_axis',(1.,0.,0.));
#2415=DIRECTION('ref_axis',(0.,0.,-1.));
#2416=DIRECTION('center_axis',(1.,1.22464679914735E-16,0.));
#2417=DIRECTION('ref_axis',(0.,0.,-1.));
#2418=DIRECTION('',(1.,0.,0.));
#2419=DIRECTION('center_axis',(-1.,-1.22464679914735E-16,0.));
#2420=DIRECTION('ref_axis',(0.,0.,-1.));
#2421=DIRECTION('center_axis',(1.,0.,0.));
#2422=DIRECTION('ref_axis',(0.,0.,-1.));
#2423=DIRECTION('center_axis',(1.,1.22464679914735E-16,0.));
#2424=DIRECTION('ref_axis',(0.,0.,-1.));
#2425=DIRECTION('',(1.,0.,0.));
#2426=DIRECTION('center_axis',(-1.,-1.22464679914735E-16,0.));
#2427=DIRECTION('ref_axis',(0.,0.,-1.));
#2428=DIRECTION('center_axis',(1.,0.,0.));
#2429=DIRECTION('ref_axis',(0.,0.,-1.));
#2430=DIRECTION('center_axis',(1.,1.22464679914735E-16,0.));
#2431=DIRECTION('ref_axis',(0.,0.,-1.));
#2432=DIRECTION('',(1.,0.,0.));
#2433=DIRECTION('center_axis',(-1.,-1.22464679914735E-16,0.));
#2434=DIRECTION('ref_axis',(0.,0.,-1.));
#2435=DIRECTION('center_axis',(1.,0.,0.));
#2436=DIRECTION('ref_axis',(0.,0.,-1.));
#2437=DIRECTION('center_axis',(1.,1.22464679914735E-16,0.));
#2438=DIRECTION('ref_axis',(0.,0.,-1.));
#2439=DIRECTION('',(1.,0.,0.));
#2440=DIRECTION('center_axis',(-1.,-1.22464679914735E-16,0.));
#2441=DIRECTION('ref_axis',(0.,0.,-1.));
#2442=DIRECTION('center_axis',(1.,0.,0.));
#2443=DIRECTION('ref_axis',(0.,0.,-1.));
#2444=DIRECTION('center_axis',(1.,1.22464679914735E-16,0.));
#2445=DIRECTION('ref_axis',(0.,0.,-1.));
#2446=DIRECTION('',(1.,0.,0.));
#2447=DIRECTION('center_axis',(-1.,-1.22464679914735E-16,0.));
#2448=DIRECTION('ref_axis',(0.,0.,-1.));
#2449=DIRECTION('center_axis',(1.,0.,0.));
#2450=DIRECTION('ref_axis',(0.,0.,-1.));
#2451=DIRECTION('center_axis',(1.,1.22464679914735E-16,0.));
#2452=DIRECTION('ref_axis',(0.,0.,-1.));
#2453=DIRECTION('',(1.,0.,0.));
#2454=DIRECTION('center_axis',(-1.,-1.22464679914735E-16,0.));
#2455=DIRECTION('ref_axis',(0.,0.,-1.));
#2456=DIRECTION('center_axis',(1.,0.,0.));
#2457=DIRECTION('ref_axis',(0.,0.,-1.));
#2458=DIRECTION('center_axis',(1.,1.22464679914735E-16,0.));
#2459=DIRECTION('ref_axis',(0.,0.,-1.));
#2460=DIRECTION('',(1.,0.,0.));
#2461=DIRECTION('center_axis',(-1.,-1.22464679914735E-16,0.));
#2462=DIRECTION('ref_axis',(0.,0.,-1.));
#2463=DIRECTION('center_axis',(1.,0.,0.));
#2464=DIRECTION('ref_axis',(0.,0.,-1.));
#2465=DIRECTION('center_axis',(1.,1.22464679914735E-16,0.));
#2466=DIRECTION('ref_axis',(0.,0.,-1.));
#2467=DIRECTION('',(1.,0.,0.));
#2468=DIRECTION('center_axis',(-1.,-1.22464679914735E-16,0.));
#2469=DIRECTION('ref_axis',(0.,0.,-1.));
#2470=DIRECTION('center_axis',(1.,0.,0.));
#2471=DIRECTION('ref_axis',(0.,0.,-1.));
#2472=DIRECTION('center_axis',(1.,1.22464679914735E-16,0.));
#2473=DIRECTION('ref_axis',(0.,0.,-1.));
#2474=DIRECTION('',(1.,0.,0.));
#2475=DIRECTION('center_axis',(-1.,-1.22464679914735E-16,0.));
#2476=DIRECTION('ref_axis',(0.,0.,-1.));
#2477=DIRECTION('center_axis',(1.,0.,0.));
#2478=DIRECTION('ref_axis',(0.,0.,-1.));
#2479=DIRECTION('center_axis',(1.,1.22464679914735E-16,0.));
#2480=DIRECTION('ref_axis',(0.,0.,-1.));
#2481=DIRECTION('',(1.,0.,0.));
#2482=DIRECTION('center_axis',(-1.,-1.22464679914735E-16,0.));
#2483=DIRECTION('ref_axis',(0.,0.,-1.));
#2484=DIRECTION('center_axis',(1.,0.,0.));
#2485=DIRECTION('ref_axis',(0.,0.,-1.));
#2486=DIRECTION('center_axis',(1.,1.22464679914735E-16,0.));
#2487=DIRECTION('ref_axis',(0.,0.,-1.));
#2488=DIRECTION('',(1.,0.,0.));
#2489=DIRECTION('center_axis',(-1.,-1.22464679914735E-16,0.));
#2490=DIRECTION('ref_axis',(0.,0.,-1.));
#2491=DIRECTION('center_axis',(1.,0.,0.));
#2492=DIRECTION('ref_axis',(0.,0.,-1.));
#2493=DIRECTION('center_axis',(1.,1.22464679914735E-16,0.));
#2494=DIRECTION('ref_axis',(0.,0.,-1.));
#2495=DIRECTION('',(1.,0.,0.));
#2496=DIRECTION('center_axis',(-1.,-1.22464679914735E-16,0.));
#2497=DIRECTION('ref_axis',(0.,0.,-1.));
#2498=DIRECTION('center_axis',(1.,0.,0.));
#2499=DIRECTION('ref_axis',(0.,0.,-1.));
#2500=DIRECTION('center_axis',(1.,1.22464679914735E-16,0.));
#2501=DIRECTION('ref_axis',(0.,0.,-1.));
#2502=DIRECTION('',(1.,0.,0.));
#2503=DIRECTION('center_axis',(-1.,-1.22464679914735E-16,0.));
#2504=DIRECTION('ref_axis',(0.,0.,-1.));
#2505=DIRECTION('center_axis',(1.,0.,0.));
#2506=DIRECTION('ref_axis',(0.,0.,-1.));
#2507=DIRECTION('center_axis',(1.,1.22464679914735E-16,0.));
#2508=DIRECTION('ref_axis',(0.,0.,-1.));
#2509=DIRECTION('',(1.,0.,0.));
#2510=DIRECTION('center_axis',(-1.,-1.22464679914735E-16,0.));
#2511=DIRECTION('ref_axis',(0.,0.,-1.));
#2512=DIRECTION('center_axis',(1.,0.,0.));
#2513=DIRECTION('ref_axis',(0.,0.,-1.));
#2514=DIRECTION('center_axis',(1.,1.22464679914735E-16,0.));
#2515=DIRECTION('ref_axis',(0.,0.,-1.));
#2516=DIRECTION('',(1.,0.,0.));
#2517=DIRECTION('center_axis',(-1.,-1.22464679914735E-16,0.));
#2518=DIRECTION('ref_axis',(0.,0.,-1.));
#2519=DIRECTION('',(1.,0.,0.));
#2520=DIRECTION('center_axis',(1.,0.,0.));
#2521=DIRECTION('ref_axis',(0.,0.,-1.));
#2522=DIRECTION('center_axis',(1.,1.22464679914735E-16,0.));
#2523=DIRECTION('ref_axis',(0.,0.,-1.));
#2524=DIRECTION('center_axis',(-1.,-1.22464679914735E-16,0.));
#2525=DIRECTION('ref_axis',(0.,0.,-1.));
#2526=DIRECTION('center_axis',(1.,0.,0.));
#2527=DIRECTION('ref_axis',(0.,-0.999999999999997,-8.30632351672393E-8));
#2528=DIRECTION('center_axis',(-1.,-1.22464679914735E-16,1.46936793852786E-39));
#2529=DIRECTION('ref_axis',(1.22464679914735E-16,-0.999999999999997,-8.30632351672393E-8));
#2530=DIRECTION('',(1.,0.,0.));
#2531=DIRECTION('center_axis',(1.,1.22464679914735E-16,-1.46936793852786E-39));
#2532=DIRECTION('ref_axis',(1.22464679914735E-16,-0.999999999999997,-8.30632351672393E-8));
#2533=DIRECTION('',(1.,0.,0.));
#2534=DIRECTION('center_axis',(0.,1.,0.));
#2535=DIRECTION('ref_axis',(0.,0.,1.));
#2536=DIRECTION('',(0.,0.,-1.));
#2537=DIRECTION('',(0.,0.,1.));
#2538=DIRECTION('',(1.,0.,0.));
#2539=DIRECTION('center_axis',(0.,-1.,0.));
#2540=DIRECTION('ref_axis',(0.,0.,-1.));
#2541=DIRECTION('',(0.,0.,1.));
#2542=DIRECTION('',(1.,0.,0.));
#2543=DIRECTION('',(0.,0.,-1.));
#2544=DIRECTION('center_axis',(-1.,-1.22464679914735E-16,0.));
#2545=DIRECTION('ref_axis',(0.,0.,1.));
#2546=DIRECTION('',(0.,0.,1.));
#2547=DIRECTION('',(-1.22464679914735E-16,1.,-5.67289336320398E-17));
#2548=DIRECTION('',(-1.22464679914735E-16,1.,0.));
#2549=DIRECTION('',(0.,0.,-1.));
#2550=DIRECTION('center_axis',(1.,-2.86728492998085E-32,2.13013589710665E-15));
#2551=DIRECTION('ref_axis',(0.,-1.,-2.42290310255597E-16));
#2552=DIRECTION('center_axis',(0.,0.,1.));
#2553=DIRECTION('ref_axis',(-1.,0.,0.));
#2554=DIRECTION('',(0.,0.,-1.));
#2555=DIRECTION('center_axis',(0.,0.,1.));
#2556=DIRECTION('ref_axis',(-1.,0.,0.));
#2557=DIRECTION('center_axis',(0.,0.,1.));
#2558=DIRECTION('ref_axis',(-1.,0.,0.));
#2559=DIRECTION('center_axis',(0.,0.,1.));
#2560=DIRECTION('ref_axis',(-1.,0.,0.));
#2561=DIRECTION('',(0.,0.,1.));
#2562=DIRECTION('center_axis',(0.,0.,1.));
#2563=DIRECTION('ref_axis',(1.,0.,0.));
#2564=DIRECTION('',(1.22464679914735E-16,-1.,5.67289336320398E-17));
#2565=DIRECTION('',(-0.17364817766693,-0.984807753012208,0.));
#2566=DIRECTION('',(1.22464679914735E-16,-1.,0.));
#2567=DIRECTION('center_axis',(0.,0.,-1.));
#2568=DIRECTION('ref_axis',(-1.,0.,0.));
#2569=DIRECTION('',(0.17364817766693,0.984807753012208,0.));
#2570=DIRECTION('center_axis',(0.,0.,-1.));
#2571=DIRECTION('ref_axis',(-1.,0.,0.));
#2572=DIRECTION('center_axis',(-0.984807753012208,0.17364817766693,0.));
#2573=DIRECTION('ref_axis',(0.,0.,1.));
#2574=DIRECTION('center_axis',(-0.984807753012208,0.17364817766693,0.));
#2575=DIRECTION('ref_axis',(-0.17364817766693,-0.984807753012208,0.));
#2576=DIRECTION('',(0.,0.,1.));
#2577=DIRECTION('',(0.,0.,-1.));
#2578=DIRECTION('',(-0.17364817766693,-0.984807753012208,0.));
#2579=DIRECTION('center_axis',(0.,0.,-1.));
#2580=DIRECTION('ref_axis',(-1.,0.,0.));
#2581=DIRECTION('center_axis',(0.,0.,-1.));
#2582=DIRECTION('ref_axis',(-1.,0.,0.));
#2583=DIRECTION('center_axis',(1.,-1.22464679914735E-17,1.22464679914735E-17));
#2584=DIRECTION('ref_axis',(1.22464679914735E-17,1.,-1.1842378929335E-16));
#2585=DIRECTION('center_axis',(0.,0.,-1.));
#2586=DIRECTION('ref_axis',(-1.,0.,0.));
#2587=DIRECTION('',(0.,0.,1.));
#2588=DIRECTION('',(0.,0.,1.));
#2589=DIRECTION('center_axis',(-1.,-1.22464679914735E-16,0.));
#2590=DIRECTION('ref_axis',(1.22464679914735E-16,-1.,0.));
#2591=DIRECTION('center_axis',(0.984807753012208,-0.17364817766693,0.));
#2592=DIRECTION('ref_axis',(0.,0.,1.));
#2593=DIRECTION('center_axis',(0.984807753012208,-0.17364817766693,0.));
#2594=DIRECTION('ref_axis',(0.,0.,1.));
#2595=DIRECTION('',(-0.984807753012208,0.17364817766693,0.));
#2596=DIRECTION('center_axis',(-0.984807753012208,0.17364817766693,0.));
#2597=DIRECTION('ref_axis',(0.,0.,1.));
#2598=DIRECTION('center_axis',(0.984807753012208,-0.17364817766693,0.));
#2599=DIRECTION('ref_axis',(0.,0.,1.));
#2600=DIRECTION('center_axis',(0.984807753012208,-0.17364817766693,0.));
#2601=DIRECTION('ref_axis',(0.,0.,1.));
#2602=DIRECTION('',(-0.984807753012208,0.17364817766693,0.));
#2603=DIRECTION('center_axis',(-0.984807753012208,0.17364817766693,0.));
#2604=DIRECTION('ref_axis',(0.,0.,1.));
#2605=DIRECTION('center_axis',(0.984807753012208,-0.17364817766693,0.));
#2606=DIRECTION('ref_axis',(0.,0.,1.));
#2607=DIRECTION('center_axis',(0.984807753012208,-0.17364817766693,0.));
#2608=DIRECTION('ref_axis',(0.,0.,1.));
#2609=DIRECTION('',(-0.984807753012208,0.17364817766693,0.));
#2610=DIRECTION('center_axis',(-0.984807753012208,0.17364817766693,0.));
#2611=DIRECTION('ref_axis',(0.,0.,1.));
#2612=DIRECTION('center_axis',(0.984807753012208,-0.17364817766693,0.));
#2613=DIRECTION('ref_axis',(0.,0.,1.));
#2614=DIRECTION('center_axis',(0.984807753012208,-0.17364817766693,0.));
#2615=DIRECTION('ref_axis',(0.,0.,1.));
#2616=DIRECTION('',(-0.984807753012208,0.17364817766693,0.));
#2617=DIRECTION('center_axis',(-0.984807753012208,0.17364817766693,0.));
#2618=DIRECTION('ref_axis',(0.,0.,1.));
#2619=DIRECTION('center_axis',(0.984807753012208,-0.17364817766693,0.));
#2620=DIRECTION('ref_axis',(0.,0.,1.));
#2621=DIRECTION('center_axis',(0.984807753012208,-0.17364817766693,0.));
#2622=DIRECTION('ref_axis',(0.,0.,1.));
#2623=DIRECTION('',(-0.984807753012208,0.17364817766693,0.));
#2624=DIRECTION('center_axis',(-0.984807753012208,0.17364817766693,0.));
#2625=DIRECTION('ref_axis',(0.,0.,1.));
#2626=DIRECTION('center_axis',(0.984807753012208,-0.17364817766693,0.));
#2627=DIRECTION('ref_axis',(0.,0.,1.));
#2628=DIRECTION('center_axis',(0.984807753012208,-0.17364817766693,0.));
#2629=DIRECTION('ref_axis',(0.,0.,1.));
#2630=DIRECTION('',(-0.984807753012208,0.17364817766693,0.));
#2631=DIRECTION('center_axis',(-0.984807753012208,0.17364817766693,0.));
#2632=DIRECTION('ref_axis',(0.,0.,1.));
#2633=DIRECTION('center_axis',(0.984807753012208,-0.17364817766693,0.));
#2634=DIRECTION('ref_axis',(0.,0.,1.));
#2635=DIRECTION('center_axis',(0.984807753012208,-0.17364817766693,0.));
#2636=DIRECTION('ref_axis',(0.,0.,1.));
#2637=DIRECTION('',(-0.984807753012208,0.17364817766693,0.));
#2638=DIRECTION('center_axis',(-0.984807753012208,0.17364817766693,0.));
#2639=DIRECTION('ref_axis',(0.,0.,1.));
#2640=DIRECTION('center_axis',(0.984807753012208,-0.17364817766693,0.));
#2641=DIRECTION('ref_axis',(0.,0.,1.));
#2642=DIRECTION('center_axis',(0.984807753012208,-0.17364817766693,0.));
#2643=DIRECTION('ref_axis',(0.,0.,1.));
#2644=DIRECTION('',(-0.984807753012208,0.17364817766693,0.));
#2645=DIRECTION('center_axis',(-0.984807753012208,0.17364817766693,0.));
#2646=DIRECTION('ref_axis',(0.,0.,1.));
#2647=DIRECTION('center_axis',(0.984807753012208,-0.17364817766693,0.));
#2648=DIRECTION('ref_axis',(0.,0.,1.));
#2649=DIRECTION('center_axis',(0.984807753012208,-0.17364817766693,0.));
#2650=DIRECTION('ref_axis',(0.,0.,1.));
#2651=DIRECTION('',(-0.984807753012208,0.17364817766693,0.));
#2652=DIRECTION('center_axis',(-0.984807753012208,0.17364817766693,0.));
#2653=DIRECTION('ref_axis',(0.,0.,1.));
#2654=DIRECTION('center_axis',(-1.,0.,0.));
#2655=DIRECTION('ref_axis',(0.,0.,1.));
#2656=DIRECTION('center_axis',(-1.,-1.22464679914735E-16,0.));
#2657=DIRECTION('ref_axis',(0.,0.,1.));
#2658=DIRECTION('',(1.,0.,0.));
#2659=DIRECTION('center_axis',(1.,1.22464679914735E-16,0.));
#2660=DIRECTION('ref_axis',(0.,0.,1.));
#2661=DIRECTION('center_axis',(-1.,0.,0.));
#2662=DIRECTION('ref_axis',(0.,0.,1.));
#2663=DIRECTION('center_axis',(-1.,-1.22464679914735E-16,0.));
#2664=DIRECTION('ref_axis',(0.,0.,1.));
#2665=DIRECTION('',(1.,0.,0.));
#2666=DIRECTION('center_axis',(1.,1.22464679914735E-16,0.));
#2667=DIRECTION('ref_axis',(0.,0.,1.));
#2668=DIRECTION('center_axis',(-1.,0.,0.));
#2669=DIRECTION('ref_axis',(0.,0.,1.));
#2670=DIRECTION('center_axis',(-1.,-1.22464679914735E-16,0.));
#2671=DIRECTION('ref_axis',(0.,0.,1.));
#2672=DIRECTION('',(1.,0.,0.));
#2673=DIRECTION('center_axis',(1.,1.22464679914735E-16,0.));
#2674=DIRECTION('ref_axis',(0.,0.,1.));
#2675=DIRECTION('center_axis',(-1.,0.,0.));
#2676=DIRECTION('ref_axis',(0.,0.,1.));
#2677=DIRECTION('center_axis',(-1.,-1.22464679914735E-16,0.));
#2678=DIRECTION('ref_axis',(0.,0.,1.));
#2679=DIRECTION('',(1.,0.,0.));
#2680=DIRECTION('center_axis',(1.,1.22464679914735E-16,0.));
#2681=DIRECTION('ref_axis',(0.,0.,1.));
#2682=DIRECTION('center_axis',(-1.,0.,0.));
#2683=DIRECTION('ref_axis',(0.,0.,1.));
#2684=DIRECTION('center_axis',(-1.,-1.22464679914735E-16,0.));
#2685=DIRECTION('ref_axis',(0.,0.,1.));
#2686=DIRECTION('',(1.,0.,0.));
#2687=DIRECTION('center_axis',(1.,1.22464679914735E-16,0.));
#2688=DIRECTION('ref_axis',(0.,0.,1.));
#2689=DIRECTION('center_axis',(-1.,0.,0.));
#2690=DIRECTION('ref_axis',(0.,0.,1.));
#2691=DIRECTION('center_axis',(-1.,-1.22464679914735E-16,0.));
#2692=DIRECTION('ref_axis',(0.,0.,1.));
#2693=DIRECTION('',(1.,0.,0.));
#2694=DIRECTION('center_axis',(1.,1.22464679914735E-16,0.));
#2695=DIRECTION('ref_axis',(0.,0.,1.));
#2696=DIRECTION('center_axis',(-1.,0.,0.));
#2697=DIRECTION('ref_axis',(0.,0.,1.));
#2698=DIRECTION('center_axis',(-1.,-1.22464679914735E-16,0.));
#2699=DIRECTION('ref_axis',(0.,0.,1.));
#2700=DIRECTION('',(1.,0.,0.));
#2701=DIRECTION('center_axis',(1.,1.22464679914735E-16,0.));
#2702=DIRECTION('ref_axis',(0.,0.,1.));
#2703=DIRECTION('center_axis',(-1.,0.,0.));
#2704=DIRECTION('ref_axis',(0.,0.,1.));
#2705=DIRECTION('center_axis',(-1.,-1.22464679914735E-16,0.));
#2706=DIRECTION('ref_axis',(0.,0.,1.));
#2707=DIRECTION('',(1.,0.,0.));
#2708=DIRECTION('center_axis',(1.,1.22464679914735E-16,0.));
#2709=DIRECTION('ref_axis',(0.,0.,1.));
#2710=DIRECTION('center_axis',(-1.,0.,0.));
#2711=DIRECTION('ref_axis',(0.,0.,1.));
#2712=DIRECTION('center_axis',(-1.,-1.22464679914735E-16,0.));
#2713=DIRECTION('ref_axis',(0.,0.,1.));
#2714=DIRECTION('',(1.,0.,0.));
#2715=DIRECTION('center_axis',(1.,1.22464679914735E-16,0.));
#2716=DIRECTION('ref_axis',(0.,0.,1.));
#2717=DIRECTION('center_axis',(-1.,0.,0.));
#2718=DIRECTION('ref_axis',(0.,0.,1.));
#2719=DIRECTION('center_axis',(-1.,-1.22464679914735E-16,0.));
#2720=DIRECTION('ref_axis',(0.,0.,1.));
#2721=DIRECTION('',(1.,0.,0.));
#2722=DIRECTION('center_axis',(1.,1.22464679914735E-16,0.));
#2723=DIRECTION('ref_axis',(0.,0.,1.));
#2724=DIRECTION('center_axis',(-1.,0.,0.));
#2725=DIRECTION('ref_axis',(0.,0.,1.));
#2726=DIRECTION('center_axis',(-1.,-1.22464679914735E-16,0.));
#2727=DIRECTION('ref_axis',(0.,0.,1.));
#2728=DIRECTION('',(1.,0.,0.));
#2729=DIRECTION('center_axis',(1.,1.22464679914735E-16,0.));
#2730=DIRECTION('ref_axis',(0.,0.,1.));
#2731=DIRECTION('center_axis',(-1.,0.,0.));
#2732=DIRECTION('ref_axis',(0.,0.,1.));
#2733=DIRECTION('center_axis',(-1.,-1.22464679914735E-16,0.));
#2734=DIRECTION('ref_axis',(0.,0.,1.));
#2735=DIRECTION('',(1.,0.,0.));
#2736=DIRECTION('center_axis',(1.,1.22464679914735E-16,0.));
#2737=DIRECTION('ref_axis',(0.,0.,1.));
#2738=DIRECTION('center_axis',(-1.,0.,0.));
#2739=DIRECTION('ref_axis',(0.,0.,1.));
#2740=DIRECTION('center_axis',(-1.,-1.22464679914735E-16,0.));
#2741=DIRECTION('ref_axis',(0.,0.,1.));
#2742=DIRECTION('',(1.,0.,0.));
#2743=DIRECTION('center_axis',(1.,1.22464679914735E-16,0.));
#2744=DIRECTION('ref_axis',(0.,0.,1.));
#2745=DIRECTION('center_axis',(-1.,0.,0.));
#2746=DIRECTION('ref_axis',(0.,0.,1.));
#2747=DIRECTION('center_axis',(-1.,-1.22464679914735E-16,0.));
#2748=DIRECTION('ref_axis',(0.,0.,1.));
#2749=DIRECTION('',(1.,0.,0.));
#2750=DIRECTION('center_axis',(1.,1.22464679914735E-16,0.));
#2751=DIRECTION('ref_axis',(0.,0.,1.));
#2752=DIRECTION('center_axis',(-1.,0.,0.));
#2753=DIRECTION('ref_axis',(0.,0.,1.));
#2754=DIRECTION('center_axis',(-1.,-1.22464679914735E-16,0.));
#2755=DIRECTION('ref_axis',(0.,0.,1.));
#2756=DIRECTION('',(1.,0.,0.));
#2757=DIRECTION('center_axis',(1.,1.22464679914735E-16,0.));
#2758=DIRECTION('ref_axis',(0.,0.,1.));
#2759=DIRECTION('',(1.,0.,0.));
#2760=DIRECTION('center_axis',(-1.,0.,0.));
#2761=DIRECTION('ref_axis',(0.,0.,1.));
#2762=DIRECTION('center_axis',(-1.,-1.22464679914735E-16,0.));
#2763=DIRECTION('ref_axis',(0.,0.,1.));
#2764=DIRECTION('center_axis',(1.,1.22464679914735E-16,0.));
#2765=DIRECTION('ref_axis',(0.,0.,1.));
#2766=DIRECTION('center_axis',(-1.,0.,0.));
#2767=DIRECTION('ref_axis',(0.,-0.999999999999997,8.30632351672393E-8));
#2768=DIRECTION('center_axis',(1.,1.22464679914735E-16,1.46936793852786E-39));
#2769=DIRECTION('ref_axis',(1.22464679914735E-16,-0.999999999999997,8.30632351672393E-8));
#2770=DIRECTION('',(1.,0.,0.));
#2771=DIRECTION('center_axis',(-1.,-1.22464679914735E-16,-1.46936793852786E-39));
#2772=DIRECTION('ref_axis',(1.22464679914735E-16,-0.999999999999997,8.30632351672393E-8));
#2773=DIRECTION('',(1.,0.,0.));
#2774=DIRECTION('center_axis',(0.,-1.,0.));
#2775=DIRECTION('ref_axis',(0.,0.,-1.));
#2776=DIRECTION('',(0.,0.,1.));
#2777=DIRECTION('',(1.,0.,0.));
#2778=DIRECTION('',(0.,0.,-1.));
#2779=DIRECTION('center_axis',(0.,1.,0.));
#2780=DIRECTION('ref_axis',(0.,0.,1.));
#2781=DIRECTION('',(0.,0.,-1.));
#2782=DIRECTION('',(0.,0.,1.));
#2783=DIRECTION('',(1.,0.,0.));
#2784=DIRECTION('center_axis',(1.,1.22464679914735E-16,0.));
#2785=DIRECTION('ref_axis',(0.,0.,-1.));
#2786=DIRECTION('',(0.,0.,-1.));
#2787=DIRECTION('center_axis',(-1.,2.86728492998085E-32,2.13013589710665E-15));
#2788=DIRECTION('ref_axis',(0.,-1.,2.42290310255597E-16));
#2789=DIRECTION('',(0.,0.,1.));
#2790=DIRECTION('',(-1.22464679914735E-16,1.,0.));
#2791=DIRECTION('',(-1.22464679914735E-16,1.,5.67289336320398E-17));
#2792=DIRECTION('center_axis',(0.,0.,1.));
#2793=DIRECTION('ref_axis',(-1.,0.,0.));
#2794=DIRECTION('',(0.,0.,1.));
#2795=DIRECTION('center_axis',(0.,0.,1.));
#2796=DIRECTION('ref_axis',(-1.,0.,0.));
#2797=DIRECTION('center_axis',(0.,0.,1.));
#2798=DIRECTION('ref_axis',(-1.,0.,0.));
#2799=DIRECTION('',(0.,0.,-1.));
#2800=DIRECTION('center_axis',(0.,0.,1.));
#2801=DIRECTION('ref_axis',(-1.,0.,0.));
#2802=DIRECTION('center_axis',(0.,0.,1.));
#2803=DIRECTION('ref_axis',(1.,0.,0.));
#2804=DIRECTION('',(1.22464679914735E-16,-1.,-5.67289336320398E-17));
#2805=DIRECTION('center_axis',(0.,0.,-1.));
#2806=DIRECTION('ref_axis',(-1.,0.,0.));
#2807=DIRECTION('',(0.17364817766693,0.984807753012208,0.));
#2808=DIRECTION('center_axis',(0.,0.,-1.));
#2809=DIRECTION('ref_axis',(-1.,0.,0.));
#2810=DIRECTION('',(1.22464679914735E-16,-1.,0.));
#2811=DIRECTION('',(-0.17364817766693,-0.984807753012208,0.));
#2812=DIRECTION('center_axis',(0.984807753012208,-0.17364817766693,0.));
#2813=DIRECTION('ref_axis',(0.,0.,-1.));
#2814=DIRECTION('center_axis',(0.984807753012208,-0.17364817766693,0.));
#2815=DIRECTION('ref_axis',(-0.17364817766693,-0.984807753012208,0.));
#2816=DIRECTION('',(-0.17364817766693,-0.984807753012208,0.));
#2817=DIRECTION('',(0.,0.,1.));
#2818=DIRECTION('',(0.,0.,-1.));
#2819=DIRECTION('center_axis',(0.,0.,-1.));
#2820=DIRECTION('ref_axis',(-1.,0.,0.));
#2821=DIRECTION('center_axis',(0.,0.,-1.));
#2822=DIRECTION('ref_axis',(-1.,0.,0.));
#2823=DIRECTION('center_axis',(-1.,1.22464679914735E-17,1.22464679914735E-17));
#2824=DIRECTION('ref_axis',(1.22464679914735E-17,1.,1.1842378929335E-16));
#2825=DIRECTION('center_axis',(0.,0.,-1.));
#2826=DIRECTION('ref_axis',(-1.,0.,0.));
#2827=DIRECTION('',(0.,0.,-1.));
#2828=DIRECTION('',(0.,0.,-1.));
#2829=DIRECTION('center_axis',(1.,1.22464679914735E-16,0.));
#2830=DIRECTION('ref_axis',(1.22464679914735E-16,-1.,0.));
#2831=DIRECTION('center_axis',(0.,1.,0.));
#2832=DIRECTION('ref_axis',(0.,0.,1.));
#2833=DIRECTION('',(0.,0.,-1.));
#2834=DIRECTION('',(1.,0.,0.));
#2835=DIRECTION('',(0.,0.,1.));
#2836=DIRECTION('',(1.,0.,0.));
#2837=DIRECTION('center_axis',(1.,0.,0.));
#2838=DIRECTION('ref_axis',(0.,-1.,0.));
#2839=DIRECTION('center_axis',(1.,0.,9.71563981936351E-33));
#2840=DIRECTION('ref_axis',(0.,-1.,0.));
#2841=DIRECTION('center_axis',(-1.,0.,-9.71563981936351E-33));
#2842=DIRECTION('ref_axis',(0.,-1.,0.));
#2843=DIRECTION('',(1.,0.,0.));
#2844=DIRECTION('center_axis',(0.,-1.,3.55271367880051E-15));
#2845=DIRECTION('ref_axis',(-1.5339971181651E-47,-3.55271367880051E-15,
-1.));
#2846=DIRECTION('',(1.5339971181651E-47,3.55271367880051E-15,1.));
#2847=DIRECTION('',(-1.5339971181651E-47,-3.55271367880051E-15,-1.));
#2848=DIRECTION('',(1.,0.,0.));
#2849=DIRECTION('center_axis',(0.,0.,1.));
#2850=DIRECTION('ref_axis',(0.,-1.,0.));
#2851=DIRECTION('',(0.,1.,0.));
#2852=DIRECTION('',(0.,-1.,0.));
#2853=DIRECTION('',(1.,0.,0.));
#2854=DIRECTION('center_axis',(0.,1.,3.55271367880051E-15));
#2855=DIRECTION('ref_axis',(1.5339971181651E-47,-3.55271367880051E-15,1.));
#2856=DIRECTION('',(1.5339971181651E-47,-3.55271367880051E-15,1.));
#2857=DIRECTION('',(1.5339971181651E-47,-3.55271367880051E-15,1.));
#2858=DIRECTION('',(1.,0.,0.));
#2859=DIRECTION('center_axis',(1.,0.,0.));
#2860=DIRECTION('ref_axis',(0.,-1.,4.30738329343283E-16));
#2861=DIRECTION('center_axis',(1.,4.65199014047374E-49,9.71563981936351E-33));
#2862=DIRECTION('ref_axis',(-3.71969945024634E-48,-1.,4.30738329343283E-16));
#2863=DIRECTION('center_axis',(-1.,-4.65199014047374E-49,-9.71563981936351E-33));
#2864=DIRECTION('ref_axis',(-3.71969945024634E-48,-1.,4.30738329343283E-16));
#2865=DIRECTION('',(1.,0.,0.));
#2866=DIRECTION('center_axis',(0.,-1.,0.));
#2867=DIRECTION('ref_axis',(0.,0.,-1.));
#2868=DIRECTION('',(0.,0.,-1.));
#2869=DIRECTION('',(0.,0.,-1.));
#2870=DIRECTION('',(1.,0.,0.));
#2871=DIRECTION('center_axis',(0.,0.,1.));
#2872=DIRECTION('ref_axis',(0.,-1.,0.));
#2873=DIRECTION('',(0.,1.,0.));
#2874=DIRECTION('',(0.,-1.,0.));
#2875=DIRECTION('',(1.,0.,0.));
#2876=DIRECTION('center_axis',(0.,1.,0.));
#2877=DIRECTION('ref_axis',(0.,0.,1.));
#2878=DIRECTION('',(0.,0.,-1.));
#2879=DIRECTION('',(0.,0.,1.));
#2880=DIRECTION('',(1.,0.,0.));
#2881=DIRECTION('center_axis',(0.,-5.67289336320401E-17,-1.));
#2882=DIRECTION('ref_axis',(0.,1.,-5.67289336320401E-17));
#2883=DIRECTION('',(0.,1.,-5.67289336320401E-17));
#2884=DIRECTION('',(0.,1.,-5.67289336320401E-17));
#2885=DIRECTION('',(1.,0.,0.));
#2886=DIRECTION('center_axis',(0.,-1.,-7.105427357601E-15));
#2887=DIRECTION('ref_axis',(7.36021007480684E-48,7.105427357601E-15,-1.));
#2888=DIRECTION('',(-7.36021007480684E-48,-7.105427357601E-15,1.));
#2889=DIRECTION('',(7.36021007480684E-48,7.105427357601E-15,-1.));
#2890=DIRECTION('',(1.,0.,0.));
#2891=DIRECTION('center_axis',(1.,0.,0.));
#2892=DIRECTION('ref_axis',(0.,1.,-2.42290310255597E-16));
#2893=DIRECTION('center_axis',(1.,-5.69271305197401E-49,-9.71563981936351E-33));
#2894=DIRECTION('ref_axis',(-1.78473408096781E-48,1.,-2.42290310255597E-16));
#2895=DIRECTION('center_axis',(-1.,5.69271305197401E-49,9.71563981936351E-33));
#2896=DIRECTION('ref_axis',(-1.78473408096781E-48,1.,-2.42290310255597E-16));
#2897=DIRECTION('',(1.,0.,0.));
#2898=DIRECTION('center_axis',(0.,1.,-3.5527136788005E-15));
#2899=DIRECTION('ref_axis',(-1.5339971181651E-47,3.5527136788005E-15,1.));
#2900=DIRECTION('',(1.5339971181651E-47,-3.5527136788005E-15,-1.));
#2901=DIRECTION('',(-1.5339971181651E-47,3.5527136788005E-15,1.));
#2902=DIRECTION('',(1.,0.,0.));
#2903=DIRECTION('center_axis',(0.,0.,-1.));
#2904=DIRECTION('ref_axis',(0.,1.,0.));
#2905=DIRECTION('',(0.,-1.,0.));
#2906=DIRECTION('',(0.,1.,0.));
#2907=DIRECTION('',(1.,0.,0.));
#2908=DIRECTION('center_axis',(0.,-1.,-3.5527136788005E-15));
#2909=DIRECTION('ref_axis',(1.5339971181651E-47,3.5527136788005E-15,-1.));
#2910=DIRECTION('',(1.5339971181651E-47,3.5527136788005E-15,-1.));
#2911=DIRECTION('',(1.5339971181651E-47,3.5527136788005E-15,-1.));
#2912=DIRECTION('',(1.,0.,0.));
#2913=DIRECTION('center_axis',(1.,0.,0.));
#2914=DIRECTION('ref_axis',(0.,1.,-4.30738329343283E-16));
#2915=DIRECTION('center_axis',(1.,-4.65199014047373E-49,-9.71563981936351E-33));
#2916=DIRECTION('ref_axis',(-3.71969945024634E-48,1.,-4.30738329343283E-16));
#2917=DIRECTION('center_axis',(-1.,4.65199014047373E-49,9.71563981936351E-33));
#2918=DIRECTION('ref_axis',(-3.71969945024634E-48,1.,-4.30738329343283E-16));
#2919=DIRECTION('',(1.,0.,0.));
#2920=DIRECTION('center_axis',(0.,1.,-7.105427357601E-15));
#2921=DIRECTION('ref_axis',(-7.36021007480684E-48,7.105427357601E-15,1.));
#2922=DIRECTION('',(-7.36021007480684E-48,7.105427357601E-15,1.));
#2923=DIRECTION('',(-7.36021007480684E-48,7.105427357601E-15,1.));
#2924=DIRECTION('',(1.,0.,0.));
#2925=DIRECTION('center_axis',(0.,0.,-1.));
#2926=DIRECTION('ref_axis',(0.,1.,0.));
#2927=DIRECTION('',(0.,-1.,0.));
#2928=DIRECTION('',(0.,1.,0.));
#2929=DIRECTION('',(1.,0.,0.));
#2930=DIRECTION('center_axis',(0.,-1.,-2.48689841792971E-14));
#2931=DIRECTION('ref_axis',(0.,2.48689841792971E-14,-1.));
#2932=DIRECTION('',(0.,2.48689841792971E-14,-1.));
#2933=DIRECTION('',(0.,2.48689841792971E-14,-1.));
#2934=DIRECTION('',(1.,0.,0.));
#2935=DIRECTION('center_axis',(0.,0.,1.));
#2936=DIRECTION('ref_axis',(0.,-1.,0.));
#2937=DIRECTION('',(0.,-1.,0.));
#2938=DIRECTION('',(0.,-1.,0.));
#2939=DIRECTION('center_axis',(1.,0.,0.));
#2940=DIRECTION('ref_axis',(0.,1.,0.));
#2941=DIRECTION('center_axis',(1.,0.,0.));
#2942=DIRECTION('ref_axis',(0.,1.,0.));
#2943=CARTESIAN_POINT('',(0.,0.,0.));
#2944=CARTESIAN_POINT('Origin',(427.864368057529,-11.7667308610739,80.));
#2945=CARTESIAN_POINT('',(427.864368057529,-11.7667308610739,84.5));
#2946=CARTESIAN_POINT('Origin',(427.864368057529,-11.7667308610739,80.));
#2947=CARTESIAN_POINT('',(398.320135467162,-6.55728553106602,84.5));
#2948=CARTESIAN_POINT('',(427.864368057529,-11.7667308610739,84.5));
#2949=CARTESIAN_POINT('Origin',(398.320135467162,-6.55728553106602,80.));
#2950=CARTESIAN_POINT('Origin',(425.067047504141,-27.6311240591443,41.1091270347399));
#2951=CARTESIAN_POINT('',(425.067047504141,-27.6311240591443,45.6091270347399));
#2952=CARTESIAN_POINT('Origin',(425.067047504141,-27.6311240591443,41.1091270347399));
#2953=CARTESIAN_POINT('',(395.522814913775,-22.4216787291364,45.6091270347399));
#2954=CARTESIAN_POINT('',(425.067047504141,-27.6311240591443,45.6091270347399));
#2955=CARTESIAN_POINT('Origin',(395.522814913775,-22.4216787291364,41.1091270347399));
#2956=CARTESIAN_POINT('Origin',(418.313718285847,-65.9311572767453,24.9999999999999));
#2957=CARTESIAN_POINT('',(418.313718285847,-65.9311572767453,29.4999999999999));
#2958=CARTESIAN_POINT('Origin',(418.313718285847,-65.9311572767453,24.9999999999999));
#2959=CARTESIAN_POINT('',(388.769485695481,-60.7217119467374,29.4999999999999));
#2960=CARTESIAN_POINT('',(418.313718285847,-65.9311572767453,29.4999999999999));
#2961=CARTESIAN_POINT('Origin',(388.769485695481,-60.7217119467374,24.9999999999999));
#2962=CARTESIAN_POINT('Origin',(408.763068514166,-120.095583692417,79.9999999999999));
#2963=CARTESIAN_POINT('',(408.763068514166,-120.095583692417,84.4999999999999));
#2964=CARTESIAN_POINT('Origin',(408.763068514166,-120.095583692417,79.9999999999999));
#2965=CARTESIAN_POINT('',(379.2188359238,-114.886138362409,84.4999999999999));
#2966=CARTESIAN_POINT('',(408.763068514166,-120.095583692417,84.4999999999999));
#2967=CARTESIAN_POINT('Origin',(379.2188359238,-114.886138362409,79.9999999999999));
#2968=CARTESIAN_POINT('Origin',(425.067047504141,-27.6311240591444,118.89087296526));
#2969=CARTESIAN_POINT('',(425.067047504141,-27.6311240591444,123.39087296526));
#2970=CARTESIAN_POINT('Origin',(425.067047504141,-27.6311240591444,118.89087296526));
#2971=CARTESIAN_POINT('',(395.522814913775,-22.4216787291364,123.39087296526));
#2972=CARTESIAN_POINT('',(425.067047504141,-27.6311240591444,123.39087296526));
#2973=CARTESIAN_POINT('Origin',(395.522814913775,-22.4216787291364,118.89087296526));
#2974=CARTESIAN_POINT('Origin',(418.313718285847,-65.9311572767454,135.));
#2975=CARTESIAN_POINT('',(418.313718285847,-65.9311572767454,139.5));
#2976=CARTESIAN_POINT('Origin',(418.313718285847,-65.9311572767454,135.));
#2977=CARTESIAN_POINT('',(388.769485695481,-60.7217119467375,139.5));
#2978=CARTESIAN_POINT('',(418.313718285847,-65.9311572767454,139.5));
#2979=CARTESIAN_POINT('Origin',(388.769485695481,-60.7217119467375,135.));
#2980=CARTESIAN_POINT('Origin',(411.560389067554,-104.231190494346,41.1091270347398));
#2981=CARTESIAN_POINT('',(411.560389067554,-104.231190494346,45.6091270347398));
#2982=CARTESIAN_POINT('Origin',(411.560389067554,-104.231190494346,41.1091270347398));
#2983=CARTESIAN_POINT('',(382.016156477188,-99.0217451643385,45.6091270347398));
#2984=CARTESIAN_POINT('',(411.560389067554,-104.231190494346,45.6091270347398));
#2985=CARTESIAN_POINT('Origin',(382.016156477188,-99.0217451643385,41.1091270347398));
#2986=CARTESIAN_POINT('Origin',(411.560389067554,-104.231190494346,118.89087296526));
#2987=CARTESIAN_POINT('',(411.560389067554,-104.231190494346,123.39087296526));
#2988=CARTESIAN_POINT('Origin',(411.560389067554,-104.231190494346,118.89087296526));
#2989=CARTESIAN_POINT('',(382.016156477188,-99.0217451643386,123.39087296526));
#2990=CARTESIAN_POINT('',(411.560389067554,-104.231190494346,123.39087296526));
#2991=CARTESIAN_POINT('Origin',(382.016156477188,-99.0217451643386,118.89087296526));
#2992=CARTESIAN_POINT('Origin',(418.313718285847,-65.9311572767454,80.));
#2993=CARTESIAN_POINT('',(418.313718285847,-65.9311572767454,115.));
#2994=CARTESIAN_POINT('Origin',(418.313718285847,-65.9311572767454,80.));
#2995=CARTESIAN_POINT('',(388.769485695481,-60.7217119467375,115.));
#2996=CARTESIAN_POINT('',(418.313718285847,-65.9311572767454,115.));
#2997=CARTESIAN_POINT('Origin',(388.769485695481,-60.7217119467375,80.));
#2998=CARTESIAN_POINT('Origin',(-1.05196535559755E-13,78.9949006766429,
426.099415872215));
#2999=CARTESIAN_POINT('',(-1.05196535559755E-13,78.9949006766429,430.349415872215));
#3000=CARTESIAN_POINT('Origin',(-1.05196535559755E-13,78.9949006766429,
426.099415872215));
#3001=CARTESIAN_POINT('',(9.9999999999999,78.9949006766429,430.349415872215));
#3002=CARTESIAN_POINT('',(-1.05196535559755E-13,78.9949006766429,430.349415872215));
#3003=CARTESIAN_POINT('Origin',(9.9999999999999,78.9949006766429,426.099415872215));
#3004=CARTESIAN_POINT('Origin',(-1.14385525636002E-13,154.02869885131,399.843961847294));
#3005=CARTESIAN_POINT('',(-1.14385525636002E-13,154.02869885131,404.093961847294));
#3006=CARTESIAN_POINT('Origin',(-1.14385525636002E-13,154.02869885131,399.843961847294));
#3007=CARTESIAN_POINT('',(9.99999999999989,154.02869885131,404.093961847294));
#3008=CARTESIAN_POINT('',(-1.14385525636002E-13,154.02869885131,404.093961847294));
#3009=CARTESIAN_POINT('Origin',(9.99999999999989,154.02869885131,399.843961847294));
#3010=CARTESIAN_POINT('Origin',(-1.22628642351239E-13,221.338854897738,
357.550196023276));
#3011=CARTESIAN_POINT('',(-1.22628642351239E-13,221.338854897738,361.800196023276));
#3012=CARTESIAN_POINT('Origin',(-1.22628642351239E-13,221.338854897738,
357.550196023276));
#3013=CARTESIAN_POINT('',(9.99999999999988,221.338854897738,361.800196023276));
#3014=CARTESIAN_POINT('',(-1.22628642351239E-13,221.338854897738,361.800196023276));
#3015=CARTESIAN_POINT('Origin',(9.99999999999988,221.338854897738,357.550196023276));
#3016=CARTESIAN_POINT('Origin',(-1.29512541413105E-13,277.550156529025,
301.338904421962));
#3017=CARTESIAN_POINT('',(-1.29512541413105E-13,277.550156529025,305.588904421962));
#3018=CARTESIAN_POINT('Origin',(-1.29512541413105E-13,277.550156529025,
301.338904421962));
#3019=CARTESIAN_POINT('',(9.99999999999987,277.550156529025,305.588904421962));
#3020=CARTESIAN_POINT('',(-1.29512541413105E-13,277.550156529025,305.588904421962));
#3021=CARTESIAN_POINT('Origin',(9.99999999999987,277.550156529025,301.338904421962));
#3022=CARTESIAN_POINT('Origin',(-1.3469203537798E-13,319.843934363423,234.028755922156));
#3023=CARTESIAN_POINT('',(-1.3469203537798E-13,319.843934363423,238.278755922156));
#3024=CARTESIAN_POINT('Origin',(-1.3469203537798E-13,319.843934363423,234.028755922156));
#3025=CARTESIAN_POINT('',(9.99999999999986,319.843934363423,238.278755922156));
#3026=CARTESIAN_POINT('',(-1.3469203537798E-13,319.843934363423,238.278755922156));
#3027=CARTESIAN_POINT('Origin',(9.99999999999986,319.843934363423,234.028755922156));
#3028=CARTESIAN_POINT('Origin',(-1.3790740279078E-13,346.09940177688,158.99496243234));
#3029=CARTESIAN_POINT('',(-1.3790740279078E-13,346.09940177688,163.24496243234));
#3030=CARTESIAN_POINT('Origin',(-1.3790740279078E-13,346.09940177688,158.99496243234));
#3031=CARTESIAN_POINT('',(9.99999999999986,346.09940177688,163.24496243234));
#3032=CARTESIAN_POINT('',(-1.3790740279078E-13,346.09940177688,163.24496243234));
#3033=CARTESIAN_POINT('Origin',(9.99999999999986,346.09940177688,158.99496243234));
#3034=CARTESIAN_POINT('Origin',(-1.38997411703224E-13,355.,80.0000316719301));
#3035=CARTESIAN_POINT('',(-1.38997411703224E-13,355.,84.2500316719301));
#3036=CARTESIAN_POINT('Origin',(-1.38997411703224E-13,355.,80.0000316719301));
#3037=CARTESIAN_POINT('',(9.99999999999986,355.,84.2500316719301));
#3038=CARTESIAN_POINT('',(-1.38997411703224E-13,355.,84.2500316719301));
#3039=CARTESIAN_POINT('Origin',(9.99999999999986,355.,80.0000316719301));
#3040=CARTESIAN_POINT('Origin',(-5.20474889637625E-14,-355.,80.0000316719301));
#3041=CARTESIAN_POINT('',(-5.20474889637625E-14,-355.,84.2500316719301));
#3042=CARTESIAN_POINT('Origin',(-5.20474889637625E-14,-355.,80.0000316719301));
#3043=CARTESIAN_POINT('',(9.99999999999995,-355.,84.2500316719301));
#3044=CARTESIAN_POINT('',(-5.20474889637625E-14,-355.,84.2500316719301));
#3045=CARTESIAN_POINT('Origin',(9.99999999999995,-355.,80.0000316719301));
#3046=CARTESIAN_POINT('Origin',(-5.31374978762066E-14,-346.09940177688,
158.99496243234));
#3047=CARTESIAN_POINT('',(-5.31374978762066E-14,-346.09940177688,163.24496243234));
#3048=CARTESIAN_POINT('Origin',(-5.31374978762066E-14,-346.09940177688,
158.99496243234));
#3049=CARTESIAN_POINT('',(9.99999999999995,-346.09940177688,163.24496243234));
#3050=CARTESIAN_POINT('',(-5.31374978762066E-14,-346.09940177688,163.24496243234));
#3051=CARTESIAN_POINT('Origin',(9.99999999999995,-346.09940177688,158.99496243234));
#3052=CARTESIAN_POINT('Origin',(-6.15323592538818E-14,-277.550156529025,
301.338904421962));
#3053=CARTESIAN_POINT('',(-6.15323592538818E-14,-277.550156529025,305.588904421962));
#3054=CARTESIAN_POINT('Origin',(-6.15323592538818E-14,-277.550156529025,
301.338904421962));
#3055=CARTESIAN_POINT('',(9.99999999999994,-277.550156529025,305.588904421962));
#3056=CARTESIAN_POINT('',(-6.15323592538818E-14,-277.550156529025,305.588904421962));
#3057=CARTESIAN_POINT('Origin',(9.99999999999994,-277.550156529025,301.338904421962));
#3058=CARTESIAN_POINT('Origin',(-6.8416258315748E-14,-221.338854897738,
357.550196023276));
#3059=CARTESIAN_POINT('',(-6.8416258315748E-14,-221.338854897738,361.800196023276));
#3060=CARTESIAN_POINT('Origin',(-6.8416258315748E-14,-221.338854897738,
357.550196023276));
#3061=CARTESIAN_POINT('',(9.99999999999993,-221.338854897738,361.800196023276));
#3062=CARTESIAN_POINT('',(-6.8416258315748E-14,-221.338854897738,361.800196023276));
#3063=CARTESIAN_POINT('Origin',(9.99999999999993,-221.338854897738,357.550196023276));
#3064=CARTESIAN_POINT('Origin',(-5.63528652890073E-14,-319.843934363423,
234.028755922156));
#3065=CARTESIAN_POINT('',(-5.63528652890073E-14,-319.843934363423,238.278755922156));
#3066=CARTESIAN_POINT('Origin',(-5.63528652890073E-14,-319.843934363423,
234.028755922156));
#3067=CARTESIAN_POINT('',(9.99999999999994,-319.843934363423,238.278755922156));
#3068=CARTESIAN_POINT('',(-5.63528652890073E-14,-319.843934363423,238.278755922156));
#3069=CARTESIAN_POINT('Origin',(9.99999999999994,-319.843934363423,234.028755922156));
#3070=CARTESIAN_POINT('Origin',(-8.58483651072321E-14,-78.9949006766429,
426.099415872215));
#3071=CARTESIAN_POINT('',(-8.58483651072321E-14,-78.9949006766429,430.349415872215));
#3072=CARTESIAN_POINT('Origin',(-8.58483651072321E-14,-78.9949006766429,
426.099415872215));
#3073=CARTESIAN_POINT('',(9.99999999999991,-78.9949006766429,430.349415872215));
#3074=CARTESIAN_POINT('',(-8.58483651072321E-14,-78.9949006766429,430.349415872215));
#3075=CARTESIAN_POINT('Origin',(9.99999999999991,-78.9949006766429,426.099415872215));
#3076=CARTESIAN_POINT('Origin',(-7.66593750309847E-14,-154.02869885131,
399.843961847294));
#3077=CARTESIAN_POINT('',(-7.66593750309847E-14,-154.02869885131,404.093961847294));
#3078=CARTESIAN_POINT('Origin',(-7.66593750309847E-14,-154.02869885131,
399.843961847294));
#3079=CARTESIAN_POINT('',(9.99999999999992,-154.02869885131,404.093961847294));
#3080=CARTESIAN_POINT('',(-7.66593750309847E-14,-154.02869885131,404.093961847294));
#3081=CARTESIAN_POINT('Origin',(9.99999999999992,-154.02869885131,399.843961847294));
#3082=CARTESIAN_POINT('Origin',(-9.55224542121862E-14,3.16719299320312E-5,
435.));
#3083=CARTESIAN_POINT('',(-9.55224503252512E-14,-6.7303389528206E-8,439.249999999883));
#3084=CARTESIAN_POINT('',(-9.55224503252512E-14,-6.7303389528206E-8,430.750000000118));
#3085=CARTESIAN_POINT('Origin',(-9.55224542121862E-14,3.16719299320312E-5,
435.));
#3086=CARTESIAN_POINT('',(9.9999999999999,-6.7303389528206E-8,439.249999999883));
#3087=CARTESIAN_POINT('',(-9.55224503252512E-14,-6.7303389528206E-8,439.249999999883));
#3088=CARTESIAN_POINT('',(9.9999999999999,-6.7303389528206E-8,430.750000000118));
#3089=CARTESIAN_POINT('Origin',(9.9999999999999,3.16719299320312E-5,435.));
#3090=CARTESIAN_POINT('',(-9.55224503252512E-14,-6.7303389528206E-8,430.750000000118));
#3091=CARTESIAN_POINT('Origin',(-9.55224464548007E-14,-3.16719299320312E-5,
435.));
#3092=CARTESIAN_POINT('Origin',(-9.55224464548007E-14,-3.16719299320312E-5,
435.));
#3093=CARTESIAN_POINT('Origin',(9.9999999999999,-3.16719299320312E-5,435.));
#3094=CARTESIAN_POINT('Origin',(-9.55224503334935E-14,0.,80.0000000000001));
#3095=CARTESIAN_POINT('',(-4.89858719658941E-14,-380.,79.9999684359707));
#3096=CARTESIAN_POINT('',(-1.42059028701093E-13,379.999999999998,80.0000372264707));
#3097=CARTESIAN_POINT('Origin',(-9.55224503334935E-14,0.,80.0000000000001));
#3098=CARTESIAN_POINT('',(9.99999999999995,-380.,79.9999684359707));
#3099=CARTESIAN_POINT('',(-4.89858719658941E-14,-380.,79.9999684359707));
#3100=CARTESIAN_POINT('',(9.99999999999986,379.999999999998,80.0000372264707));
#3101=CARTESIAN_POINT('Origin',(9.9999999999999,0.,80.0000000000001));
#3102=CARTESIAN_POINT('',(-1.42059028701093E-13,379.999999999998,80.0000372264707));
#3103=CARTESIAN_POINT('Origin',(-1.42059028701093E-13,380.,0.));
#3104=CARTESIAN_POINT('',(-1.42059028701093E-13,380.,-2.83644668160199E-15));
#3105=CARTESIAN_POINT('',(-1.42059028701093E-13,380.,80.0000317798306));
#3106=CARTESIAN_POINT('',(9.99999999999986,380.,-2.83644668160199E-15));
#3107=CARTESIAN_POINT('',(9.99999999999986,380.,80.0000317798306));
#3108=CARTESIAN_POINT('',(-1.42059028701093E-13,380.,-2.83644668160199E-15));
#3109=CARTESIAN_POINT('Origin',(-4.89858719658941E-14,-380.,79.9999684359707));
#3110=CARTESIAN_POINT('',(-4.89858719658941E-14,-380.,0.));
#3111=CARTESIAN_POINT('',(-4.89858719658941E-14,-380.,-50.));
#3112=CARTESIAN_POINT('',(9.99999999999995,-380.,0.));
#3113=CARTESIAN_POINT('',(-4.89858719658941E-14,-380.,0.));
#3114=CARTESIAN_POINT('',(9.99999999999995,-380.,-50.));
#3115=CARTESIAN_POINT('Origin',(9.9999999999999,-9.66075982551394E-46,230.));
#3116=CARTESIAN_POINT('',(9.99999999999986,329.918508456592,4.62292835757683E-18));
#3117=CARTESIAN_POINT('',(9.99999999999986,329.918508456592,80.));
#3118=CARTESIAN_POINT('',(9.99999999999986,329.918508456592,0.));
#3119=CARTESIAN_POINT('',(9.99999999999986,380.,-2.83644668160199E-15));
#3120=CARTESIAN_POINT('',(9.99999999999994,-329.918508456592,0.));
#3121=CARTESIAN_POINT('',(9.99999999999994,-300.,0.));
#3122=CARTESIAN_POINT('',(9.99999999999994,-329.918508456592,80.));
#3123=CARTESIAN_POINT('',(9.99999999999994,-329.918508456592,0.));
#3124=CARTESIAN_POINT('Origin',(9.99999999999989,-1.4210854715202E-13,80.0000000000001));
#3125=CARTESIAN_POINT('Ctrl Pts',(441.315591843335,64.5189500469782,0.));
#3126=CARTESIAN_POINT('Ctrl Pts',(441.315591843335,64.5189500469782,96.));
#3127=CARTESIAN_POINT('Ctrl Pts',(370.764409330909,324.03793257563,0.));
#3128=CARTESIAN_POINT('Ctrl Pts',(370.764409330909,324.03793257563,96.));
#3129=CARTESIAN_POINT('Ctrl Pts',(9.99999999999981,329.918508456592,0.));
#3130=CARTESIAN_POINT('Ctrl Pts',(9.99999999999981,329.918508456592,96.));
#3131=CARTESIAN_POINT('',(441.315591843335,64.5189500469786,80.));
#3132=CARTESIAN_POINT('Origin',(0.,0.,80.));
#3133=CARTESIAN_POINT('',(441.315591843335,64.5189500469786,0.));
#3134=CARTESIAN_POINT('',(441.315591843335,64.5189500469786,0.));
#3135=CARTESIAN_POINT('Origin',(0.,0.,0.));
#3136=CARTESIAN_POINT('Ctrl Pts',(450.,1.57772181044202E-30,80.));
#3137=CARTESIAN_POINT('Ctrl Pts',(450.,1.57772181044202E-30,80.));
#3138=CARTESIAN_POINT('Ctrl Pts',(450.,1.57772181044202E-30,80.));
#3139=CARTESIAN_POINT('Ctrl Pts',(450.,1.57772181044202E-30,80.));
#3140=CARTESIAN_POINT('Ctrl Pts',(450.,1.57772181044202E-30,80.));
#3141=CARTESIAN_POINT('Ctrl Pts',(450.,330.,80.));
#3142=CARTESIAN_POINT('Ctrl Pts',(450.,330.,410.));
#3143=CARTESIAN_POINT('Ctrl Pts',(450.,0.,410.));
#3144=CARTESIAN_POINT('Ctrl Pts',(450.,-330.,410.));
#3145=CARTESIAN_POINT('Ctrl Pts',(450.,-330.,80.));
#3146=CARTESIAN_POINT('Ctrl Pts',(8.26636589424463E-14,330.,80.));
#3147=CARTESIAN_POINT('Ctrl Pts',(8.26636589424463E-14,330.,410.));
#3148=CARTESIAN_POINT('Ctrl Pts',(7.105427357601E-14,0.,410.));
#3149=CARTESIAN_POINT('Ctrl Pts',(5.94448882095737E-14,-330.,410.));
#3150=CARTESIAN_POINT('Ctrl Pts',(5.94448882095737E-14,-330.,80.));
#3151=CARTESIAN_POINT('',(404.421864072493,-144.715777517722,80.));
#3152=CARTESIAN_POINT('Origin',(0.,0.,80.));
#3153=CARTESIAN_POINT('Ctrl Pts',(404.421864072493,-144.715777517723,80.));
#3154=CARTESIAN_POINT('Ctrl Pts',(404.421864072493,-144.715777517723,93.6917284594396));
#3155=CARTESIAN_POINT('Ctrl Pts',(404.887984238003,-142.072278699048,107.246203145657));
#3156=CARTESIAN_POINT('Ctrl Pts',(406.702080167239,-131.784029436529,132.629342833384));
#3157=CARTESIAN_POINT('Ctrl Pts',(408.036055217192,-124.21868098611,144.196831238636));
#3158=CARTESIAN_POINT('Ctrl Pts',(411.435964899674,-104.936835015504,163.963790222741));
#3159=CARTESIAN_POINT('Ctrl Pts',(413.48347239222,-93.3248429973429,171.885074551948));
#3160=CARTESIAN_POINT('Ctrl Pts',(417.997874563121,-67.7223960390694,182.704445824648));
#3161=CARTESIAN_POINT('Ctrl Pts',(420.422178187976,-53.973486966427,185.488951749532));
#3162=CARTESIAN_POINT('Ctrl Pts',(425.060719521533,-27.6670118318821,185.487806475954));
#3163=CARTESIAN_POINT('Ctrl Pts',(427.235370357769,-15.3339540803021,183.254660101913));
#3164=CARTESIAN_POINT('Ctrl Pts',(431.462686089379,8.64034477416094,174.2766210439));
#3165=CARTESIAN_POINT('Ctrl Pts',(433.465391305894,19.9982504586366,167.361542885547));
#3166=CARTESIAN_POINT('Ctrl Pts',(436.869796494471,39.3055917112265,149.881891551409));
#3167=CARTESIAN_POINT('Ctrl Pts',(438.258710379739,47.182513777765,139.576349316952));
#3168=CARTESIAN_POINT('Ctrl Pts',(440.000290396335,57.05950486329,120.126091396583));
#3169=CARTESIAN_POINT('Ctrl Pts',(440.533166717603,60.0815966562054,111.684948174627));
#3170=CARTESIAN_POINT('Ctrl Pts',(441.167291620105,63.6778976871327,95.4208119134455));
#3171=CARTESIAN_POINT('Ctrl Pts',(441.315591843335,64.5189500469792,87.7227109408348));
#3172=CARTESIAN_POINT('Ctrl Pts',(441.315591843335,64.5189500469792,80.));
#3173=CARTESIAN_POINT('Ctrl Pts',(9.99999999999991,-329.918508456592,0.));
#3174=CARTESIAN_POINT('Ctrl Pts',(9.99999999999991,-329.918508456592,96.));
#3175=CARTESIAN_POINT('Ctrl Pts',(284.16281744237,-325.449566371372,0.));
#3176=CARTESIAN_POINT('Ctrl Pts',(284.16281744237,-325.449566371372,96.));
#3177=CARTESIAN_POINT('Ctrl Pts',(404.421864072493,-144.715777517722,0.));
#3178=CARTESIAN_POINT('Ctrl Pts',(404.421864072493,-144.715777517722,96.));
#3179=CARTESIAN_POINT('',(404.421864072493,-144.715777517722,0.));
#3180=CARTESIAN_POINT('Origin',(0.,0.,0.));
#3181=CARTESIAN_POINT('',(404.421864072493,-144.715777517722,0.));
#3182=CARTESIAN_POINT('Origin',(225.,-165.,0.));
#3183=CARTESIAN_POINT('',(7.34788079488412E-15,300.,0.));
#3184=CARTESIAN_POINT('',(-1.42059028701093E-13,380.,-2.83644668160199E-15));
#3185=CARTESIAN_POINT('',(407.661874563541,-126.340764924469,0.));
#3186=CARTESIAN_POINT('',(-5.87830463590729E-14,-300.,0.));
#3187=CARTESIAN_POINT('',(-5.87830463590729E-14,-300.,0.));
#3188=CARTESIAN_POINT('',(375.873657476193,-133.8575880757,0.));
#3189=CARTESIAN_POINT('Origin',(0.,0.,0.));
#3190=CARTESIAN_POINT('',(410.603293009579,63.103962526742,0.));
#3191=CARTESIAN_POINT('',(375.873657476193,-133.8575880757,0.));
#3192=CARTESIAN_POINT('Origin',(0.,0.,0.));
#3193=CARTESIAN_POINT('Origin',(419.780922592868,-57.6102281646729,80.));
#3194=CARTESIAN_POINT('Origin',(410.603293009579,63.103962526742,0.));
#3195=CARTESIAN_POINT('',(410.603293009579,63.103962526742,79.9999999999869));
#3196=CARTESIAN_POINT('',(403.517597370703,22.9189856706405,160.));
#3197=CARTESIAN_POINT('Ctrl Pts',(410.603293009579,63.1039625267418,80.));
#3198=CARTESIAN_POINT('Ctrl Pts',(410.603293009579,63.1039625267418,87.2377168057368));
#3199=CARTESIAN_POINT('Ctrl Pts',(410.464801238318,62.3185366622251,94.4524788706838));
#3200=CARTESIAN_POINT('Ctrl Pts',(409.875965023171,58.9790805405272,109.611012580905));
#3201=CARTESIAN_POINT('Ctrl Pts',(409.385449615391,56.1972294261396,117.444460561527));
#3202=CARTESIAN_POINT('Ctrl Pts',(408.140291489499,49.1355867842238,131.502725845036));
#3203=CARTESIAN_POINT('Ctrl Pts',(407.420236563887,45.0519523749965,137.763365153342));
#3204=CARTESIAN_POINT('Ctrl Pts',(405.682646423459,35.1975890016367,149.696167138801));
#3205=CARTESIAN_POINT('Ctrl Pts',(404.652407681767,29.3548147564932,155.235834359675));
#3206=CARTESIAN_POINT('Ctrl Pts',(403.517597370703,22.9189856706403,160.));
#3207=CARTESIAN_POINT('',(410.603293009579,63.1039625267419,0.));
#3208=CARTESIAN_POINT('',(375.873657476193,-133.8575880757,79.9999999999926));
#3209=CARTESIAN_POINT('',(375.873657476193,-133.8575880757,0.));
#3210=CARTESIAN_POINT('',(382.959353115069,-93.6726112195983,160.));
#3211=CARTESIAN_POINT('Ctrl Pts',(382.959353115069,-93.672611219598,160.));
#3212=CARTESIAN_POINT('Ctrl Pts',(381.868226200447,-99.8606994533892,155.419226186797));
#3213=CARTESIAN_POINT('Ctrl Pts',(380.873624305399,-105.50136709853,150.120873205305));
#3214=CARTESIAN_POINT('Ctrl Pts',(379.116724795696,-115.465239346807,138.282265625024));
#3215=CARTESIAN_POINT('Ctrl Pts',(378.361218096566,-119.749930754182,131.779997378332));
#3216=CARTESIAN_POINT('Ctrl Pts',(377.119031230151,-126.794722546248,117.75529719901));
#3217=CARTESIAN_POINT('Ctrl Pts',(376.642432269738,-129.497649565687,110.267987893386));
#3218=CARTESIAN_POINT('Ctrl Pts',(376.025813570343,-132.994667985205,95.1463229235665));
#3219=CARTESIAN_POINT('Ctrl Pts',(375.873657476193,-133.857588075699,87.5863792489459));
#3220=CARTESIAN_POINT('Ctrl Pts',(375.873657476193,-133.857588075699,80.0000000000001));
#3221=CARTESIAN_POINT('',(375.873657476193,-133.8575880757,160.));
#3222=CARTESIAN_POINT('Origin',(397.936828738096,-35.3768127744788,160.));
#3223=CARTESIAN_POINT('Ctrl Pts',(403.517597370703,22.9189856706405,160.));
#3224=CARTESIAN_POINT('Ctrl Pts',(404.615766455676,13.0543686714589,160.));
#3225=CARTESIAN_POINT('Ctrl Pts',(405.005719100141,3.14246568974224,160.));
#3226=CARTESIAN_POINT('Ctrl Pts',(404.348861504257,-16.86752374006,160.));
#3227=CARTESIAN_POINT('Ctrl Pts',(403.27951414142,-26.9005242303472,160.));
#3228=CARTESIAN_POINT('Ctrl Pts',(399.781350606756,-46.3532914009439,160.));
#3229=CARTESIAN_POINT('Ctrl Pts',(397.421366714525,-55.7282958225775,160.));
#3230=CARTESIAN_POINT('Ctrl Pts',(391.279653663852,-74.7643382451852,160.));
#3231=CARTESIAN_POINT('Ctrl Pts',(387.426512435881,-84.3547674480157,160.));
#3232=CARTESIAN_POINT('Ctrl Pts',(382.959353115069,-93.6726112195982,160.));
#3233=CARTESIAN_POINT('Ctrl Pts',(2.57175827820944E-14,300.,80.));
#3234=CARTESIAN_POINT('Ctrl Pts',(2.57175827820944E-14,300.,380.));
#3235=CARTESIAN_POINT('Ctrl Pts',(3.5527136788005E-14,0.,380.));
#3236=CARTESIAN_POINT('Ctrl Pts',(4.53366907939156E-14,-300.,380.));
#3237=CARTESIAN_POINT('Ctrl Pts',(4.53366907939156E-14,-300.,80.));
#3238=CARTESIAN_POINT('Ctrl Pts',(420.,300.,80.));
#3239=CARTESIAN_POINT('Ctrl Pts',(420.,300.,380.));
#3240=CARTESIAN_POINT('Ctrl Pts',(420.,0.,380.));
#3241=CARTESIAN_POINT('Ctrl Pts',(420.,-300.,380.));
#3242=CARTESIAN_POINT('Ctrl Pts',(420.,-300.,80.));
#3243=CARTESIAN_POINT('Ctrl Pts',(420.,0.,80.));
#3244=CARTESIAN_POINT('Ctrl Pts',(420.,0.,80.));
#3245=CARTESIAN_POINT('Ctrl Pts',(420.,0.,80.));
#3246=CARTESIAN_POINT('Ctrl Pts',(420.,0.,80.));
#3247=CARTESIAN_POINT('Ctrl Pts',(420.,0.,80.));
#3248=CARTESIAN_POINT('',(-5.87830463590729E-14,-300.,80.));
#3249=CARTESIAN_POINT('Origin',(0.,0.,80.));
#3250=CARTESIAN_POINT('',(7.34788079488412E-15,300.,80.));
#3251=CARTESIAN_POINT('Origin',(3.67394039744206E-15,-4.62591713909782E-15,
80.));
#3252=CARTESIAN_POINT('Origin',(0.,0.,80.));
#3253=CARTESIAN_POINT('Ctrl Pts',(0.,-300.,0.));
#3254=CARTESIAN_POINT('Ctrl Pts',(0.,-300.,96.));
#3255=CARTESIAN_POINT('Ctrl Pts',(259.905785543581,-300.,0.));
#3256=CARTESIAN_POINT('Ctrl Pts',(259.905785543581,-300.,96.));
#3257=CARTESIAN_POINT('Ctrl Pts',(375.873657476193,-133.857588075699,0.));
#3258=CARTESIAN_POINT('Ctrl Pts',(375.873657476193,-133.857588075699,96.));
#3259=CARTESIAN_POINT('',(-5.87830463590729E-14,-300.,0.));
#3260=CARTESIAN_POINT('Ctrl Pts',(410.603293009579,63.103962526742,0.));
#3261=CARTESIAN_POINT('Ctrl Pts',(410.603293009579,63.103962526742,96.));
#3262=CARTESIAN_POINT('Ctrl Pts',(339.244405502189,300.,0.));
#3263=CARTESIAN_POINT('Ctrl Pts',(339.244405502189,300.,96.));
#3264=CARTESIAN_POINT('Ctrl Pts',(0.,300.,0.));
#3265=CARTESIAN_POINT('Ctrl Pts',(0.,300.,96.));
#3266=CARTESIAN_POINT('',(7.34788079488412E-15,300.,0.));
#3267=CARTESIAN_POINT('Origin',(-5.87830463590729E-14,-300.,0.));
#3268=CARTESIAN_POINT('Origin',(427.864368057529,-11.7667308610739,920.));
#3269=CARTESIAN_POINT('',(427.864368057529,-11.7667308610739,915.5));
#3270=CARTESIAN_POINT('Origin',(427.864368057529,-11.7667308610739,920.));
#3271=CARTESIAN_POINT('',(398.320135467162,-6.55728553106602,915.5));
#3272=CARTESIAN_POINT('',(427.864368057529,-11.7667308610739,915.5));
#3273=CARTESIAN_POINT('Origin',(398.320135467162,-6.55728553106602,920.));
#3274=CARTESIAN_POINT('Origin',(425.067047504141,-27.6311240591443,958.89087296526));
#3275=CARTESIAN_POINT('',(425.067047504141,-27.6311240591443,954.39087296526));
#3276=CARTESIAN_POINT('Origin',(425.067047504141,-27.6311240591443,958.89087296526));
#3277=CARTESIAN_POINT('',(395.522814913775,-22.4216787291364,954.39087296526));
#3278=CARTESIAN_POINT('',(425.067047504141,-27.6311240591443,954.39087296526));
#3279=CARTESIAN_POINT('Origin',(395.522814913775,-22.4216787291364,958.89087296526));
#3280=CARTESIAN_POINT('Origin',(418.313718285847,-65.9311572767453,975.));
#3281=CARTESIAN_POINT('',(418.313718285847,-65.9311572767453,970.5));
#3282=CARTESIAN_POINT('Origin',(418.313718285847,-65.9311572767453,975.));
#3283=CARTESIAN_POINT('',(388.769485695481,-60.7217119467374,970.5));
#3284=CARTESIAN_POINT('',(418.313718285847,-65.9311572767453,970.5));
#3285=CARTESIAN_POINT('Origin',(388.769485695481,-60.7217119467374,975.));
#3286=CARTESIAN_POINT('Origin',(408.763068514166,-120.095583692417,920.));
#3287=CARTESIAN_POINT('',(408.763068514166,-120.095583692417,915.5));
#3288=CARTESIAN_POINT('Origin',(408.763068514166,-120.095583692417,920.));
#3289=CARTESIAN_POINT('',(379.2188359238,-114.886138362409,915.5));
#3290=CARTESIAN_POINT('',(408.763068514166,-120.095583692417,915.5));
#3291=CARTESIAN_POINT('Origin',(379.2188359238,-114.886138362409,920.));
#3292=CARTESIAN_POINT('Origin',(425.067047504141,-27.6311240591444,881.10912703474));
#3293=CARTESIAN_POINT('',(425.067047504141,-27.6311240591444,876.60912703474));
#3294=CARTESIAN_POINT('Origin',(425.067047504141,-27.6311240591444,881.10912703474));
#3295=CARTESIAN_POINT('',(395.522814913775,-22.4216787291364,876.60912703474));
#3296=CARTESIAN_POINT('',(425.067047504141,-27.6311240591444,876.60912703474));
#3297=CARTESIAN_POINT('Origin',(395.522814913775,-22.4216787291364,881.10912703474));
#3298=CARTESIAN_POINT('Origin',(418.313718285847,-65.9311572767454,865.));
#3299=CARTESIAN_POINT('',(418.313718285847,-65.9311572767454,860.5));
#3300=CARTESIAN_POINT('Origin',(418.313718285847,-65.9311572767454,865.));
#3301=CARTESIAN_POINT('',(388.769485695481,-60.7217119467375,860.5));
#3302=CARTESIAN_POINT('',(418.313718285847,-65.9311572767454,860.5));
#3303=CARTESIAN_POINT('Origin',(388.769485695481,-60.7217119467375,865.));
#3304=CARTESIAN_POINT('Origin',(411.560389067554,-104.231190494346,958.89087296526));
#3305=CARTESIAN_POINT('',(411.560389067554,-104.231190494346,954.39087296526));
#3306=CARTESIAN_POINT('Origin',(411.560389067554,-104.231190494346,958.89087296526));
#3307=CARTESIAN_POINT('',(382.016156477188,-99.0217451643385,954.39087296526));
#3308=CARTESIAN_POINT('',(411.560389067554,-104.231190494346,954.39087296526));
#3309=CARTESIAN_POINT('Origin',(382.016156477188,-99.0217451643385,958.89087296526));
#3310=CARTESIAN_POINT('Origin',(411.560389067554,-104.231190494346,881.10912703474));
#3311=CARTESIAN_POINT('',(411.560389067554,-104.231190494346,876.60912703474));
#3312=CARTESIAN_POINT('Origin',(411.560389067554,-104.231190494346,881.10912703474));
#3313=CARTESIAN_POINT('',(382.016156477188,-99.0217451643386,876.60912703474));
#3314=CARTESIAN_POINT('',(411.560389067554,-104.231190494346,876.60912703474));
#3315=CARTESIAN_POINT('Origin',(382.016156477188,-99.0217451643386,881.10912703474));
#3316=CARTESIAN_POINT('Origin',(418.313718285847,-65.9311572767454,920.));
#3317=CARTESIAN_POINT('',(418.313718285847,-65.9311572767454,885.));
#3318=CARTESIAN_POINT('Origin',(418.313718285847,-65.9311572767454,920.));
#3319=CARTESIAN_POINT('',(388.769485695481,-60.7217119467375,885.));
#3320=CARTESIAN_POINT('',(418.313718285847,-65.9311572767454,885.));
#3321=CARTESIAN_POINT('Origin',(388.769485695481,-60.7217119467375,920.));
#3322=CARTESIAN_POINT('Origin',(-1.05196535559755E-13,78.9949006766429,
573.900584127785));
#3323=CARTESIAN_POINT('',(-1.05196535559755E-13,78.9949006766429,569.650584127785));
#3324=CARTESIAN_POINT('Origin',(-1.05196535559755E-13,78.9949006766429,
573.900584127785));
#3325=CARTESIAN_POINT('',(9.9999999999999,78.9949006766429,569.650584127785));
#3326=CARTESIAN_POINT('',(-1.05196535559755E-13,78.9949006766429,569.650584127785));
#3327=CARTESIAN_POINT('Origin',(9.9999999999999,78.9949006766429,573.900584127785));
#3328=CARTESIAN_POINT('Origin',(-1.14385525636002E-13,154.02869885131,600.156038152706));
#3329=CARTESIAN_POINT('',(-1.14385525636002E-13,154.02869885131,595.906038152706));
#3330=CARTESIAN_POINT('Origin',(-1.14385525636002E-13,154.02869885131,600.156038152706));
#3331=CARTESIAN_POINT('',(9.99999999999989,154.02869885131,595.906038152706));
#3332=CARTESIAN_POINT('',(-1.14385525636002E-13,154.02869885131,595.906038152706));
#3333=CARTESIAN_POINT('Origin',(9.99999999999989,154.02869885131,600.156038152706));
#3334=CARTESIAN_POINT('Origin',(-1.22628642351239E-13,221.338854897738,
642.449803976724));
#3335=CARTESIAN_POINT('',(-1.22628642351239E-13,221.338854897738,638.199803976724));
#3336=CARTESIAN_POINT('Origin',(-1.22628642351239E-13,221.338854897738,
642.449803976724));
#3337=CARTESIAN_POINT('',(9.99999999999988,221.338854897738,638.199803976724));
#3338=CARTESIAN_POINT('',(-1.22628642351239E-13,221.338854897738,638.199803976724));
#3339=CARTESIAN_POINT('Origin',(9.99999999999988,221.338854897738,642.449803976724));
#3340=CARTESIAN_POINT('Origin',(-1.29512541413105E-13,277.550156529025,
698.661095578038));
#3341=CARTESIAN_POINT('',(-1.29512541413105E-13,277.550156529025,694.411095578038));
#3342=CARTESIAN_POINT('Origin',(-1.29512541413105E-13,277.550156529025,
698.661095578038));
#3343=CARTESIAN_POINT('',(9.99999999999987,277.550156529025,694.411095578038));
#3344=CARTESIAN_POINT('',(-1.29512541413105E-13,277.550156529025,694.411095578038));
#3345=CARTESIAN_POINT('Origin',(9.99999999999987,277.550156529025,698.661095578038));
#3346=CARTESIAN_POINT('Origin',(-1.3469203537798E-13,319.843934363423,765.971244077844));
#3347=CARTESIAN_POINT('',(-1.3469203537798E-13,319.843934363423,761.721244077844));
#3348=CARTESIAN_POINT('Origin',(-1.3469203537798E-13,319.843934363423,765.971244077844));
#3349=CARTESIAN_POINT('',(9.99999999999986,319.843934363423,761.721244077844));
#3350=CARTESIAN_POINT('',(-1.3469203537798E-13,319.843934363423,761.721244077844));
#3351=CARTESIAN_POINT('Origin',(9.99999999999986,319.843934363423,765.971244077844));
#3352=CARTESIAN_POINT('Origin',(-1.3790740279078E-13,346.09940177688,841.00503756766));
#3353=CARTESIAN_POINT('',(-1.3790740279078E-13,346.09940177688,836.75503756766));
#3354=CARTESIAN_POINT('Origin',(-1.3790740279078E-13,346.09940177688,841.00503756766));
#3355=CARTESIAN_POINT('',(9.99999999999986,346.09940177688,836.75503756766));
#3356=CARTESIAN_POINT('',(-1.3790740279078E-13,346.09940177688,836.75503756766));
#3357=CARTESIAN_POINT('Origin',(9.99999999999986,346.09940177688,841.00503756766));
#3358=CARTESIAN_POINT('Origin',(-1.38997411703224E-13,355.,919.99996832807));
#3359=CARTESIAN_POINT('',(-1.38997411703224E-13,355.,915.74996832807));
#3360=CARTESIAN_POINT('Origin',(-1.38997411703224E-13,355.,919.99996832807));
#3361=CARTESIAN_POINT('',(9.99999999999986,355.,915.74996832807));
#3362=CARTESIAN_POINT('',(-1.38997411703224E-13,355.,915.74996832807));
#3363=CARTESIAN_POINT('Origin',(9.99999999999986,355.,919.99996832807));
#3364=CARTESIAN_POINT('Origin',(-5.20474889637625E-14,-355.,919.99996832807));
#3365=CARTESIAN_POINT('',(-5.20474889637625E-14,-355.,915.74996832807));
#3366=CARTESIAN_POINT('Origin',(-5.20474889637625E-14,-355.,919.99996832807));
#3367=CARTESIAN_POINT('',(9.99999999999995,-355.,915.74996832807));
#3368=CARTESIAN_POINT('',(-5.20474889637625E-14,-355.,915.74996832807));
#3369=CARTESIAN_POINT('Origin',(9.99999999999995,-355.,919.99996832807));
#3370=CARTESIAN_POINT('Origin',(-5.31374978762066E-14,-346.09940177688,
841.00503756766));
#3371=CARTESIAN_POINT('',(-5.31374978762066E-14,-346.09940177688,836.75503756766));
#3372=CARTESIAN_POINT('Origin',(-5.31374978762066E-14,-346.09940177688,
841.00503756766));
#3373=CARTESIAN_POINT('',(9.99999999999995,-346.09940177688,836.75503756766));
#3374=CARTESIAN_POINT('',(-5.31374978762066E-14,-346.09940177688,836.75503756766));
#3375=CARTESIAN_POINT('Origin',(9.99999999999995,-346.09940177688,841.00503756766));
#3376=CARTESIAN_POINT('Origin',(-6.15323592538818E-14,-277.550156529025,
698.661095578038));
#3377=CARTESIAN_POINT('',(-6.15323592538818E-14,-277.550156529025,694.411095578038));
#3378=CARTESIAN_POINT('Origin',(-6.15323592538818E-14,-277.550156529025,
698.661095578038));
#3379=CARTESIAN_POINT('',(9.99999999999994,-277.550156529025,694.411095578038));
#3380=CARTESIAN_POINT('',(-6.15323592538818E-14,-277.550156529025,694.411095578038));
#3381=CARTESIAN_POINT('Origin',(9.99999999999994,-277.550156529025,698.661095578038));
#3382=CARTESIAN_POINT('Origin',(-6.8416258315748E-14,-221.338854897738,
642.449803976724));
#3383=CARTESIAN_POINT('',(-6.8416258315748E-14,-221.338854897738,638.199803976724));
#3384=CARTESIAN_POINT('Origin',(-6.8416258315748E-14,-221.338854897738,
642.449803976724));
#3385=CARTESIAN_POINT('',(9.99999999999993,-221.338854897738,638.199803976724));
#3386=CARTESIAN_POINT('',(-6.8416258315748E-14,-221.338854897738,638.199803976724));
#3387=CARTESIAN_POINT('Origin',(9.99999999999993,-221.338854897738,642.449803976724));
#3388=CARTESIAN_POINT('Origin',(-5.63528652890073E-14,-319.843934363423,
765.971244077844));
#3389=CARTESIAN_POINT('',(-5.63528652890073E-14,-319.843934363423,761.721244077844));
#3390=CARTESIAN_POINT('Origin',(-5.63528652890073E-14,-319.843934363423,
765.971244077844));
#3391=CARTESIAN_POINT('',(9.99999999999994,-319.843934363423,761.721244077844));
#3392=CARTESIAN_POINT('',(-5.63528652890073E-14,-319.843934363423,761.721244077844));
#3393=CARTESIAN_POINT('Origin',(9.99999999999994,-319.843934363423,765.971244077844));
#3394=CARTESIAN_POINT('Origin',(-8.58483651072321E-14,-78.9949006766429,
573.900584127785));
#3395=CARTESIAN_POINT('',(-8.58483651072321E-14,-78.9949006766429,569.650584127785));
#3396=CARTESIAN_POINT('Origin',(-8.58483651072321E-14,-78.9949006766429,
573.900584127785));
#3397=CARTESIAN_POINT('',(9.99999999999991,-78.9949006766429,569.650584127785));
#3398=CARTESIAN_POINT('',(-8.58483651072321E-14,-78.9949006766429,569.650584127785));
#3399=CARTESIAN_POINT('Origin',(9.99999999999991,-78.9949006766429,573.900584127785));
#3400=CARTESIAN_POINT('Origin',(-7.66593750309847E-14,-154.02869885131,
600.156038152706));
#3401=CARTESIAN_POINT('',(-7.66593750309847E-14,-154.02869885131,595.906038152706));
#3402=CARTESIAN_POINT('Origin',(-7.66593750309847E-14,-154.02869885131,
600.156038152706));
#3403=CARTESIAN_POINT('',(9.99999999999992,-154.02869885131,595.906038152706));
#3404=CARTESIAN_POINT('',(-7.66593750309847E-14,-154.02869885131,595.906038152706));
#3405=CARTESIAN_POINT('Origin',(9.99999999999992,-154.02869885131,600.156038152706));
#3406=CARTESIAN_POINT('Origin',(-9.55224542121862E-14,3.16719299320312E-5,
565.));
#3407=CARTESIAN_POINT('',(-9.55224503252512E-14,-6.7303389528206E-8,560.750000000117));
#3408=CARTESIAN_POINT('',(-9.55224503252512E-14,-6.7303389528206E-8,569.249999999882));
#3409=CARTESIAN_POINT('Origin',(-9.55224542121862E-14,3.16719299320312E-5,
565.));
#3410=CARTESIAN_POINT('',(9.9999999999999,-6.7303389528206E-8,569.249999999882));
#3411=CARTESIAN_POINT('',(-9.55224503252512E-14,-6.7303389528206E-8,569.249999999882));
#3412=CARTESIAN_POINT('',(9.9999999999999,-6.7303389528206E-8,560.750000000117));
#3413=CARTESIAN_POINT('Origin',(9.9999999999999,3.16719299320312E-5,565.));
#3414=CARTESIAN_POINT('',(-9.55224503252512E-14,-6.7303389528206E-8,560.750000000117));
#3415=CARTESIAN_POINT('Origin',(-9.55224464548007E-14,-3.16719299320312E-5,
565.));
#3416=CARTESIAN_POINT('Origin',(-9.55224464548007E-14,-3.16719299320312E-5,
565.));
#3417=CARTESIAN_POINT('Origin',(9.9999999999999,-3.16719299320312E-5,565.));
#3418=CARTESIAN_POINT('Origin',(-9.55224503334935E-14,0.,920.));
#3419=CARTESIAN_POINT('',(-4.89858719658941E-14,-380.,920.000031564029));
#3420=CARTESIAN_POINT('',(-1.42059028701093E-13,379.999999999998,919.999962773529));
#3421=CARTESIAN_POINT('Origin',(-9.55224503334935E-14,0.,920.));
#3422=CARTESIAN_POINT('',(9.99999999999986,379.999999999998,919.999962773529));
#3423=CARTESIAN_POINT('',(-1.42059028701093E-13,379.999999999998,919.999962773529));
#3424=CARTESIAN_POINT('',(9.99999999999995,-380.,920.000031564029));
#3425=CARTESIAN_POINT('Origin',(9.9999999999999,0.,920.));
#3426=CARTESIAN_POINT('',(-4.89858719658941E-14,-380.,920.000031564029));
#3427=CARTESIAN_POINT('Origin',(-1.42059028701093E-13,380.,1000.));
#3428=CARTESIAN_POINT('',(-1.42059028701093E-13,380.,1000.));
#3429=CARTESIAN_POINT('',(-1.42059028701093E-13,380.,919.999968220169));
#3430=CARTESIAN_POINT('',(9.99999999999986,380.,1000.));
#3431=CARTESIAN_POINT('',(-1.42059028701093E-13,380.,1000.));
#3432=CARTESIAN_POINT('',(9.99999999999986,380.,919.999968220169));
#3433=CARTESIAN_POINT('Origin',(-4.89858719658941E-14,-380.,920.000031564029));
#3434=CARTESIAN_POINT('',(-4.89858719658941E-14,-380.,1000.));
#3435=CARTESIAN_POINT('',(-4.89858719658941E-14,-380.,1050.));
#3436=CARTESIAN_POINT('',(9.99999999999995,-380.,1000.));
#3437=CARTESIAN_POINT('',(9.99999999999995,-380.,1050.));
#3438=CARTESIAN_POINT('',(-4.89858719658941E-14,-380.,1000.));
#3439=CARTESIAN_POINT('Origin',(9.9999999999999,-9.66075982551394E-46,770.));
#3440=CARTESIAN_POINT('',(9.99999999999986,329.918508456592,1000.));
#3441=CARTESIAN_POINT('',(9.99999999999986,329.918508456592,920.));
#3442=CARTESIAN_POINT('',(9.99999999999986,329.918508456592,1000.));
#3443=CARTESIAN_POINT('',(9.99999999999994,-329.918508456592,920.));
#3444=CARTESIAN_POINT('Origin',(9.99999999999989,-1.4210854715202E-13,920.));
#3445=CARTESIAN_POINT('',(9.99999999999994,-329.918508456592,1000.));
#3446=CARTESIAN_POINT('',(9.99999999999994,-329.918508456592,1000.));
#3447=CARTESIAN_POINT('',(9.99999999999994,-300.,1000.));
#3448=CARTESIAN_POINT('',(9.99999999999986,380.,1000.));
#3449=CARTESIAN_POINT('Ctrl Pts',(441.315591843335,64.5189500469782,1000.));
#3450=CARTESIAN_POINT('Ctrl Pts',(441.315591843335,64.5189500469782,904.));
#3451=CARTESIAN_POINT('Ctrl Pts',(370.764409330909,324.03793257563,1000.));
#3452=CARTESIAN_POINT('Ctrl Pts',(370.764409330909,324.03793257563,904.));
#3453=CARTESIAN_POINT('Ctrl Pts',(9.99999999999981,329.918508456592,1000.));
#3454=CARTESIAN_POINT('Ctrl Pts',(9.99999999999981,329.918508456592,904.));
#3455=CARTESIAN_POINT('',(441.315591843335,64.5189500469786,1000.));
#3456=CARTESIAN_POINT('Origin',(0.,0.,1000.));
#3457=CARTESIAN_POINT('',(441.315591843335,64.5189500469786,920.));
#3458=CARTESIAN_POINT('',(441.315591843335,64.5189500469786,1000.));
#3459=CARTESIAN_POINT('Origin',(0.,0.,920.));
#3460=CARTESIAN_POINT('Ctrl Pts',(450.,1.57772181044202E-30,920.));
#3461=CARTESIAN_POINT('Ctrl Pts',(450.,1.57772181044202E-30,920.));
#3462=CARTESIAN_POINT('Ctrl Pts',(450.,1.57772181044202E-30,920.));
#3463=CARTESIAN_POINT('Ctrl Pts',(450.,1.57772181044202E-30,920.));
#3464=CARTESIAN_POINT('Ctrl Pts',(450.,1.57772181044202E-30,920.));
#3465=CARTESIAN_POINT('Ctrl Pts',(450.,330.,920.));
#3466=CARTESIAN_POINT('Ctrl Pts',(450.,330.,590.));
#3467=CARTESIAN_POINT('Ctrl Pts',(450.,0.,590.));
#3468=CARTESIAN_POINT('Ctrl Pts',(450.,-330.,590.));
#3469=CARTESIAN_POINT('Ctrl Pts',(450.,-330.,920.));
#3470=CARTESIAN_POINT('Ctrl Pts',(8.26636589424463E-14,330.,920.));
#3471=CARTESIAN_POINT('Ctrl Pts',(8.26636589424463E-14,330.,590.));
#3472=CARTESIAN_POINT('Ctrl Pts',(7.105427357601E-14,0.,590.));
#3473=CARTESIAN_POINT('Ctrl Pts',(5.94448882095737E-14,-330.,590.));
#3474=CARTESIAN_POINT('Ctrl Pts',(5.94448882095737E-14,-330.,920.));
#3475=CARTESIAN_POINT('',(404.421864072493,-144.715777517722,920.));
#3476=CARTESIAN_POINT('Ctrl Pts',(404.421864072493,-144.715777517723,920.));
#3477=CARTESIAN_POINT('Ctrl Pts',(404.421864072493,-144.715777517723,906.30827154056));
#3478=CARTESIAN_POINT('Ctrl Pts',(404.887984238003,-142.072278699048,892.753796854343));
#3479=CARTESIAN_POINT('Ctrl Pts',(406.702080167239,-131.784029436529,867.370657166616));
#3480=CARTESIAN_POINT('Ctrl Pts',(408.036055217192,-124.21868098611,855.803168761364));
#3481=CARTESIAN_POINT('Ctrl Pts',(411.435964899674,-104.936835015504,836.036209777259));
#3482=CARTESIAN_POINT('Ctrl Pts',(413.48347239222,-93.3248429973429,828.114925448052));
#3483=CARTESIAN_POINT('Ctrl Pts',(417.997874563121,-67.7223960390694,817.295554175352));
#3484=CARTESIAN_POINT('Ctrl Pts',(420.422178187976,-53.973486966427,814.511048250468));
#3485=CARTESIAN_POINT('Ctrl Pts',(425.060719521533,-27.6670118318821,814.512193524046));
#3486=CARTESIAN_POINT('Ctrl Pts',(427.235370357769,-15.3339540803021,816.745339898087));
#3487=CARTESIAN_POINT('Ctrl Pts',(431.462686089379,8.64034477416094,825.7233789561));
#3488=CARTESIAN_POINT('Ctrl Pts',(433.465391305894,19.9982504586366,832.638457114453));
#3489=CARTESIAN_POINT('Ctrl Pts',(436.869796494471,39.3055917112265,850.118108448591));
#3490=CARTESIAN_POINT('Ctrl Pts',(438.258710379739,47.182513777765,860.423650683048));
#3491=CARTESIAN_POINT('Ctrl Pts',(440.000290396335,57.05950486329,879.873908603417));
#3492=CARTESIAN_POINT('Ctrl Pts',(440.533166717603,60.0815966562054,888.315051825373));
#3493=CARTESIAN_POINT('Ctrl Pts',(441.167291620105,63.6778976871327,904.579188086554));
#3494=CARTESIAN_POINT('Ctrl Pts',(441.315591843335,64.5189500469793,912.277289059165));
#3495=CARTESIAN_POINT('Ctrl Pts',(441.315591843335,64.5189500469793,920.));
#3496=CARTESIAN_POINT('Origin',(0.,0.,920.));
#3497=CARTESIAN_POINT('Ctrl Pts',(9.99999999999991,-329.918508456592,1000.));
#3498=CARTESIAN_POINT('Ctrl Pts',(9.99999999999991,-329.918508456592,904.));
#3499=CARTESIAN_POINT('Ctrl Pts',(284.16281744237,-325.449566371372,1000.));
#3500=CARTESIAN_POINT('Ctrl Pts',(284.16281744237,-325.449566371372,904.));
#3501=CARTESIAN_POINT('Ctrl Pts',(404.421864072493,-144.715777517722,1000.));
#3502=CARTESIAN_POINT('Ctrl Pts',(404.421864072493,-144.715777517722,904.));
#3503=CARTESIAN_POINT('',(404.421864072493,-144.715777517722,1000.));
#3504=CARTESIAN_POINT('',(404.421864072493,-144.715777517722,1000.));
#3505=CARTESIAN_POINT('Origin',(0.,0.,1000.));
#3506=CARTESIAN_POINT('Origin',(225.,-165.,1000.));
#3507=CARTESIAN_POINT('',(7.34788079488412E-15,300.,1000.));
#3508=CARTESIAN_POINT('',(-1.42059028701093E-13,380.,1000.));
#3509=CARTESIAN_POINT('',(410.603293009579,63.103962526742,1000.));
#3510=CARTESIAN_POINT('Origin',(0.,0.,1000.));
#3511=CARTESIAN_POINT('',(375.873657476193,-133.8575880757,1000.));
#3512=CARTESIAN_POINT('',(375.873657476193,-133.8575880757,1000.));
#3513=CARTESIAN_POINT('',(-5.87830463590729E-14,-300.,1000.));
#3514=CARTESIAN_POINT('Origin',(0.,0.,1000.));
#3515=CARTESIAN_POINT('',(-5.87830463590729E-14,-300.,1000.));
#3516=CARTESIAN_POINT('',(407.661874563541,-126.340764924469,1000.));
#3517=CARTESIAN_POINT('Origin',(419.780922592868,-57.6102281646729,920.));
#3518=CARTESIAN_POINT('Origin',(410.603293009579,63.103962526742,1000.));
#3519=CARTESIAN_POINT('',(410.603293009579,63.103962526742,920.000000000013));
#3520=CARTESIAN_POINT('',(403.517597370703,22.9189856706405,840.));
#3521=CARTESIAN_POINT('Ctrl Pts',(410.603293009579,63.1039625267418,920.));
#3522=CARTESIAN_POINT('Ctrl Pts',(410.603293009579,63.1039625267418,912.762283194263));
#3523=CARTESIAN_POINT('Ctrl Pts',(410.464801238318,62.3185366622251,905.547521129316));
#3524=CARTESIAN_POINT('Ctrl Pts',(409.875965023171,58.9790805405272,890.388987419095));
#3525=CARTESIAN_POINT('Ctrl Pts',(409.385449615391,56.1972294261396,882.555539438473));
#3526=CARTESIAN_POINT('Ctrl Pts',(408.140291489499,49.1355867842238,868.497274154964));
#3527=CARTESIAN_POINT('Ctrl Pts',(407.420236563887,45.0519523749965,862.236634846658));
#3528=CARTESIAN_POINT('Ctrl Pts',(405.682646423459,35.1975890016367,850.303832861199));
#3529=CARTESIAN_POINT('Ctrl Pts',(404.65240636133,29.3548072679205,844.764159095692));
#3530=CARTESIAN_POINT('Ctrl Pts',(403.517595967508,22.9189777127278,839.999994109103));
#3531=CARTESIAN_POINT('',(382.959353115069,-93.6726112195983,840.));
#3532=CARTESIAN_POINT('',(375.873657476193,-133.8575880757,840.));
#3533=CARTESIAN_POINT('',(375.873657476193,-133.8575880757,920.000000000007));
#3534=CARTESIAN_POINT('Ctrl Pts',(382.959353115069,-93.6726112195981,840.));
#3535=CARTESIAN_POINT('Ctrl Pts',(381.868226200447,-99.8606994533893,844.580773813203));
#3536=CARTESIAN_POINT('Ctrl Pts',(380.873624305399,-105.50136709853,849.879126794695));
#3537=CARTESIAN_POINT('Ctrl Pts',(379.116724795696,-115.465239346807,861.717734374976));
#3538=CARTESIAN_POINT('Ctrl Pts',(378.361218096566,-119.749930754182,868.220002621668));
#3539=CARTESIAN_POINT('Ctrl Pts',(377.119031230151,-126.794722546248,882.24470280099));
#3540=CARTESIAN_POINT('Ctrl Pts',(376.642432269738,-129.497649565687,889.732012106614));
#3541=CARTESIAN_POINT('Ctrl Pts',(376.025813570343,-132.994667985205,904.853677076434));
#3542=CARTESIAN_POINT('Ctrl Pts',(375.873657476193,-133.857588075699,912.413620751054));
#3543=CARTESIAN_POINT('Ctrl Pts',(375.873657476193,-133.857588075699,920.));
#3544=CARTESIAN_POINT('',(375.873657476193,-133.8575880757,1000.));
#3545=CARTESIAN_POINT('',(410.603293009579,63.1039625267419,1000.));
#3546=CARTESIAN_POINT('Origin',(397.936828738096,-35.3768127744788,840.));
#3547=CARTESIAN_POINT('Ctrl Pts',(403.517597370703,22.9189856706405,840.));
#3548=CARTESIAN_POINT('Ctrl Pts',(404.615766455676,13.0543686714589,840.));
#3549=CARTESIAN_POINT('Ctrl Pts',(405.005719100141,3.14246568974224,840.));
#3550=CARTESIAN_POINT('Ctrl Pts',(404.348861504257,-16.86752374006,840.));
#3551=CARTESIAN_POINT('Ctrl Pts',(403.27951414142,-26.9005242303472,840.));
#3552=CARTESIAN_POINT('Ctrl Pts',(399.781350606756,-46.3532914009439,840.));
#3553=CARTESIAN_POINT('Ctrl Pts',(397.421366714525,-55.7282958225775,840.));
#3554=CARTESIAN_POINT('Ctrl Pts',(391.279653663852,-74.7643382451852,840.));
#3555=CARTESIAN_POINT('Ctrl Pts',(387.42651243588,-84.3547674480156,840.));
#3556=CARTESIAN_POINT('Ctrl Pts',(382.959353115069,-93.6726112195982,840.));
#3557=CARTESIAN_POINT('Ctrl Pts',(2.57175827820944E-14,300.,920.));
#3558=CARTESIAN_POINT('Ctrl Pts',(2.57175827820944E-14,300.,620.));
#3559=CARTESIAN_POINT('Ctrl Pts',(3.5527136788005E-14,0.,620.));
#3560=CARTESIAN_POINT('Ctrl Pts',(4.53366907939156E-14,-300.,620.));
#3561=CARTESIAN_POINT('Ctrl Pts',(4.53366907939156E-14,-300.,920.));
#3562=CARTESIAN_POINT('Ctrl Pts',(420.,300.,920.));
#3563=CARTESIAN_POINT('Ctrl Pts',(420.,300.,620.));
#3564=CARTESIAN_POINT('Ctrl Pts',(420.,0.,620.));
#3565=CARTESIAN_POINT('Ctrl Pts',(420.,-300.,620.));
#3566=CARTESIAN_POINT('Ctrl Pts',(420.,-300.,920.));
#3567=CARTESIAN_POINT('Ctrl Pts',(420.,0.,920.));
#3568=CARTESIAN_POINT('Ctrl Pts',(420.,0.,920.));
#3569=CARTESIAN_POINT('Ctrl Pts',(420.,0.,920.));
#3570=CARTESIAN_POINT('Ctrl Pts',(420.,0.,920.));
#3571=CARTESIAN_POINT('Ctrl Pts',(420.,0.,920.));
#3572=CARTESIAN_POINT('',(7.34788079488412E-15,300.,920.));
#3573=CARTESIAN_POINT('Origin',(0.,0.,920.));
#3574=CARTESIAN_POINT('',(-5.87830463590729E-14,-300.,920.));
#3575=CARTESIAN_POINT('Origin',(3.67394039744206E-15,-4.62591713909782E-15,
920.));
#3576=CARTESIAN_POINT('Origin',(0.,0.,920.));
#3577=CARTESIAN_POINT('Ctrl Pts',(0.,-300.,1000.));
#3578=CARTESIAN_POINT('Ctrl Pts',(0.,-300.,904.));
#3579=CARTESIAN_POINT('Ctrl Pts',(259.905785543581,-300.,1000.));
#3580=CARTESIAN_POINT('Ctrl Pts',(259.905785543581,-300.,904.));
#3581=CARTESIAN_POINT('Ctrl Pts',(375.873657476193,-133.857588075699,1000.));
#3582=CARTESIAN_POINT('Ctrl Pts',(375.873657476193,-133.857588075699,904.));
#3583=CARTESIAN_POINT('',(-5.87830463590729E-14,-300.,1000.));
#3584=CARTESIAN_POINT('Ctrl Pts',(410.603293009579,63.103962526742,1000.));
#3585=CARTESIAN_POINT('Ctrl Pts',(410.603293009579,63.103962526742,904.));
#3586=CARTESIAN_POINT('Ctrl Pts',(339.244405502189,300.,1000.));
#3587=CARTESIAN_POINT('Ctrl Pts',(339.244405502189,300.,904.));
#3588=CARTESIAN_POINT('Ctrl Pts',(0.,300.,1000.));
#3589=CARTESIAN_POINT('Ctrl Pts',(0.,300.,904.));
#3590=CARTESIAN_POINT('',(7.34788079488412E-15,300.,1000.));
#3591=CARTESIAN_POINT('Origin',(-5.87830463590729E-14,-300.,1000.));
#3592=CARTESIAN_POINT('Origin',(9.99999999999918,-2321.91850845659,920.));
#3593=CARTESIAN_POINT('',(9.99999999999918,-2321.91850845659,1000.));
#3594=CARTESIAN_POINT('',(9.99999999999918,-2321.91850845659,920.));
#3595=CARTESIAN_POINT('',(9.99999999999918,-2321.91850845659,1000.));
#3596=CARTESIAN_POINT('',(39.9999999999992,-2321.91850845659,1000.));
#3597=CARTESIAN_POINT('',(9.99999999999918,-2321.91850845659,1000.));
#3598=CARTESIAN_POINT('',(39.9999999999992,-2321.91850845659,920.));
#3599=CARTESIAN_POINT('',(39.9999999999992,-2321.91850845659,1000.));
#3600=CARTESIAN_POINT('',(9.99999999999918,-2321.91850845659,920.));
#3601=CARTESIAN_POINT('Origin',(9.99999999999918,-1992.,920.));
#3602=CARTESIAN_POINT('',(9.99999999999918,-1662.08149154341,920.));
#3603=CARTESIAN_POINT('Origin',(9.99999999999918,-1992.,920.));
#3604=CARTESIAN_POINT('',(39.9999999999992,-1662.08149154341,920.));
#3605=CARTESIAN_POINT('Origin',(39.9999999999992,-1992.,920.));
#3606=CARTESIAN_POINT('',(9.99999999999918,-1662.08149154341,920.));
#3607=CARTESIAN_POINT('Origin',(9.99999999999918,-1662.08149154341,1000.));
#3608=CARTESIAN_POINT('',(9.99999999999918,-1662.08149154341,1000.));
#3609=CARTESIAN_POINT('',(9.99999999999918,-1662.08149154341,920.));
#3610=CARTESIAN_POINT('',(39.9999999999992,-1662.08149154341,1000.));
#3611=CARTESIAN_POINT('',(39.9999999999992,-1662.08149154341,920.));
#3612=CARTESIAN_POINT('',(9.99999999999918,-1662.08149154341,1000.));
#3613=CARTESIAN_POINT('Origin',(9.99999999999918,-329.918508456592,1000.));
#3614=CARTESIAN_POINT('',(9.99999999999918,-329.918508456592,1000.));
#3615=CARTESIAN_POINT('',(9.99999999999918,-380.,1000.));
#3616=CARTESIAN_POINT('',(39.9999999999992,-329.918508456592,1000.));
#3617=CARTESIAN_POINT('',(39.9999999999992,-380.,1000.));
#3618=CARTESIAN_POINT('',(9.99999999999918,-329.918508456592,1000.));
#3619=CARTESIAN_POINT('Origin',(9.99999999999918,-329.918508456592,920.));
#3620=CARTESIAN_POINT('',(9.99999999999918,-329.918508456592,920.));
#3621=CARTESIAN_POINT('',(9.99999999999918,-329.918508456592,920.));
#3622=CARTESIAN_POINT('',(39.9999999999992,-329.918508456592,920.));
#3623=CARTESIAN_POINT('',(39.9999999999992,-329.918508456592,920.));
#3624=CARTESIAN_POINT('',(9.99999999999918,-329.918508456592,920.));
#3625=CARTESIAN_POINT('Origin',(9.99999999999918,-1.06581410364015E-13,
920.));
#3626=CARTESIAN_POINT('',(9.99999999999918,329.918508456591,920.));
#3627=CARTESIAN_POINT('Origin',(9.99999999999918,-1.06581410364015E-13,
920.));
#3628=CARTESIAN_POINT('',(39.9999999999992,329.918508456591,920.));
#3629=CARTESIAN_POINT('Origin',(39.9999999999992,-1.06581410364015E-13,
920.));
#3630=CARTESIAN_POINT('',(9.99999999999918,329.918508456591,920.));
#3631=CARTESIAN_POINT('Origin',(9.99999999999918,329.918508456592,1000.));
#3632=CARTESIAN_POINT('',(9.99999999999918,329.918508456592,1000.));
#3633=CARTESIAN_POINT('',(9.99999999999918,329.918508456592,1000.));
#3634=CARTESIAN_POINT('',(39.9999999999992,329.918508456592,1000.));
#3635=CARTESIAN_POINT('',(39.9999999999992,329.918508456592,1000.));
#3636=CARTESIAN_POINT('',(9.99999999999918,329.918508456592,1000.));
#3637=CARTESIAN_POINT('Origin',(9.99999999999918,380.,1000.));
#3638=CARTESIAN_POINT('',(9.99999999999918,380.,1000.));
#3639=CARTESIAN_POINT('',(9.99999999999918,329.918508456592,1000.));
#3640=CARTESIAN_POINT('',(39.9999999999992,380.,1000.));
#3641=CARTESIAN_POINT('',(39.9999999999992,329.918508456592,1000.));
#3642=CARTESIAN_POINT('',(9.99999999999918,380.,1000.));
#3643=CARTESIAN_POINT('Origin',(9.99999999999918,380.,0.));
#3644=CARTESIAN_POINT('',(9.99999999999918,380.,0.));
#3645=CARTESIAN_POINT('',(9.99999999999918,380.,1000.));
#3646=CARTESIAN_POINT('',(39.9999999999992,380.,0.));
#3647=CARTESIAN_POINT('',(39.9999999999992,380.,1000.));
#3648=CARTESIAN_POINT('',(9.99999999999918,380.,0.));
#3649=CARTESIAN_POINT('Origin',(9.99999999999918,329.918508456592,4.62292835757683E-18));
#3650=CARTESIAN_POINT('',(9.99999999999918,329.918508456592,4.62292835757683E-18));
#3651=CARTESIAN_POINT('',(9.99999999999918,329.918508456592,4.62292835757683E-18));
#3652=CARTESIAN_POINT('',(39.9999999999992,329.918508456592,0.));
#3653=CARTESIAN_POINT('',(39.9999999999992,329.918508456592,4.62292835757683E-18));
#3654=CARTESIAN_POINT('',(9.99999999999918,329.918508456592,4.62292835757683E-18));
#3655=CARTESIAN_POINT('Origin',(9.99999999999918,329.918508456591,80.));
#3656=CARTESIAN_POINT('',(9.99999999999918,329.918508456591,80.));
#3657=CARTESIAN_POINT('',(9.99999999999918,329.918508456592,4.62292835757683E-18));
#3658=CARTESIAN_POINT('',(39.9999999999992,329.918508456591,80.));
#3659=CARTESIAN_POINT('',(39.9999999999992,329.918508456592,4.62292835757683E-18));
#3660=CARTESIAN_POINT('',(9.99999999999918,329.918508456591,80.));
#3661=CARTESIAN_POINT('Origin',(9.99999999999918,-1.43333193951167E-13,
80.0000000000001));
#3662=CARTESIAN_POINT('',(9.99999999999918,-329.918508456592,80.));
#3663=CARTESIAN_POINT('Origin',(9.99999999999918,-1.43333193951167E-13,
80.0000000000001));
#3664=CARTESIAN_POINT('',(39.9999999999992,-329.918508456592,80.));
#3665=CARTESIAN_POINT('Origin',(39.9999999999992,-1.43333193951167E-13,
80.0000000000001));
#3666=CARTESIAN_POINT('',(9.99999999999918,-329.918508456592,80.));
#3667=CARTESIAN_POINT('Origin',(9.99999999999918,-329.918508456592,0.));
#3668=CARTESIAN_POINT('',(9.99999999999918,-329.918508456592,0.));
#3669=CARTESIAN_POINT('',(9.99999999999918,-329.918508456592,80.));
#3670=CARTESIAN_POINT('',(39.9999999999992,-329.918508456592,0.));
#3671=CARTESIAN_POINT('',(39.9999999999992,-329.918508456592,80.));
#3672=CARTESIAN_POINT('',(9.99999999999918,-329.918508456592,0.));
#3673=CARTESIAN_POINT('Origin',(9.99999999999918,-1662.08149154341,0.));
#3674=CARTESIAN_POINT('',(9.99999999999918,-1662.08149154341,0.));
#3675=CARTESIAN_POINT('',(9.99999999999918,-1612.,0.));
#3676=CARTESIAN_POINT('',(39.9999999999992,-1662.08149154341,0.));
#3677=CARTESIAN_POINT('',(39.9999999999992,-1612.,0.));
#3678=CARTESIAN_POINT('',(9.99999999999918,-1662.08149154341,0.));
#3679=CARTESIAN_POINT('Origin',(9.99999999999918,-1662.08149154341,80.));
#3680=CARTESIAN_POINT('',(9.99999999999918,-1662.08149154341,80.));
#3681=CARTESIAN_POINT('',(9.99999999999918,-1662.08149154341,80.));
#3682=CARTESIAN_POINT('',(39.9999999999992,-1662.08149154341,80.));
#3683=CARTESIAN_POINT('',(39.9999999999992,-1662.08149154341,80.));
#3684=CARTESIAN_POINT('',(9.99999999999918,-1662.08149154341,80.));
#3685=CARTESIAN_POINT('Origin',(9.99999999999918,-1992.,80.0000000000001));
#3686=CARTESIAN_POINT('',(9.99999999999918,-2321.91850845659,80.0000000000003));
#3687=CARTESIAN_POINT('Origin',(9.99999999999918,-1992.,80.0000000000001));
#3688=CARTESIAN_POINT('',(39.9999999999992,-2321.91850845659,80.0000000000003));
#3689=CARTESIAN_POINT('Origin',(39.9999999999992,-1992.,80.0000000000001));
#3690=CARTESIAN_POINT('',(9.99999999999918,-2321.91850845659,80.0000000000003));
#3691=CARTESIAN_POINT('Origin',(9.99999999999918,-2321.91850845659,0.));
#3692=CARTESIAN_POINT('',(9.99999999999918,-2321.91850845659,0.));
#3693=CARTESIAN_POINT('',(9.99999999999918,-2321.91850845659,0.));
#3694=CARTESIAN_POINT('',(39.9999999999992,-2321.91850845659,0.));
#3695=CARTESIAN_POINT('',(39.9999999999992,-2321.91850845659,0.));
#3696=CARTESIAN_POINT('',(9.99999999999918,-2321.91850845659,0.));
#3697=CARTESIAN_POINT('Origin',(9.99999999999918,-2372.,0.));
#3698=CARTESIAN_POINT('',(9.99999999999918,-2372.,0.));
#3699=CARTESIAN_POINT('',(9.99999999999918,-2321.91850845659,0.));
#3700=CARTESIAN_POINT('',(39.9999999999992,-2372.,0.));
#3701=CARTESIAN_POINT('',(39.9999999999992,-2321.91850845659,0.));
#3702=CARTESIAN_POINT('',(9.99999999999918,-2372.,0.));
#3703=CARTESIAN_POINT('Origin',(9.99999999999918,-2372.,1000.));
#3704=CARTESIAN_POINT('',(9.99999999999918,-2372.,1000.));
#3705=CARTESIAN_POINT('',(9.99999999999918,-2372.,1000.));
#3706=CARTESIAN_POINT('',(39.9999999999992,-2372.,1000.));
#3707=CARTESIAN_POINT('',(39.9999999999992,-2372.,1000.));
#3708=CARTESIAN_POINT('',(9.99999999999918,-2372.,1000.));
#3709=CARTESIAN_POINT('Origin',(9.99999999999918,-2321.91850845659,1000.));
#3710=CARTESIAN_POINT('',(9.99999999999918,-2321.91850845659,1000.));
#3711=CARTESIAN_POINT('',(39.9999999999992,-2321.91850845659,1000.));
#3712=CARTESIAN_POINT('Origin',(39.9999999999992,-996.,500.));
#3713=CARTESIAN_POINT('Origin',(9.99999999999918,-996.,500.));
#3714=UNCERTAINTY_MEASURE_WITH_UNIT(LENGTH_MEASURE(0.01),#3718,
'DISTANCE_ACCURACY_VALUE',
'Maximum model space distance between geometric entities at asserted c
onnectivities');
#3715=UNCERTAINTY_MEASURE_WITH_UNIT(LENGTH_MEASURE(0.01),#3718,
'DISTANCE_ACCURACY_VALUE',
'Maximum model space distance between geometric entities at asserted c
onnectivities');
#3716=(
GEOMETRIC_REPRESENTATION_CONTEXT(3)
GLOBAL_UNCERTAINTY_ASSIGNED_CONTEXT((#3714))
GLOBAL_UNIT_ASSIGNED_CONTEXT((#3718,#3720,#3721))
REPRESENTATION_CONTEXT('','3D')
);
#3717=(
GEOMETRIC_REPRESENTATION_CONTEXT(3)
GLOBAL_UNCERTAINTY_ASSIGNED_CONTEXT((#3715))
GLOBAL_UNIT_ASSIGNED_CONTEXT((#3718,#3720,#3721))
REPRESENTATION_CONTEXT('','3D')
);
#3718=(
LENGTH_UNIT()
NAMED_UNIT(*)
SI_UNIT(.MILLI.,.METRE.)
);
#3719=(
LENGTH_UNIT()
NAMED_UNIT(*)
SI_UNIT($,.METRE.)
);
#3720=(
NAMED_UNIT(*)
PLANE_ANGLE_UNIT()
SI_UNIT($,.RADIAN.)
);
#3721=(
NAMED_UNIT(*)
SI_UNIT($,.STERADIAN.)
SOLID_ANGLE_UNIT()
);
#3722=SHAPE_DEFINITION_REPRESENTATION(#3723,#3724);
#3723=PRODUCT_DEFINITION_SHAPE('',$,#3726);
#3724=SHAPE_REPRESENTATION('',(#2126),#3716);
#3725=PRODUCT_DEFINITION_CONTEXT('part definition',#3730,'design');
#3726=PRODUCT_DEFINITION('eggshellCorePrinted',
'Skateboard on eggs updated',#3727,#3725);
#3727=PRODUCT_DEFINITION_FORMATION('',$,#3732);
#3728=PRODUCT_RELATED_PRODUCT_CATEGORY('Skateboard on eggs updated',
'Skateboard on eggs updated',(#3732));
#3729=APPLICATION_PROTOCOL_DEFINITION('international standard',
'automotive_design',2009,#3730);
#3730=APPLICATION_CONTEXT(
'Core Data for Automotive Mechanical Design Process');
#3731=PRODUCT_CONTEXT('part definition',#3730,'mechanical');
#3732=PRODUCT('eggshellCorePrinted','Skateboard on eggs updated',$,(#3731));
#3733=PRESENTATION_STYLE_ASSIGNMENT((#3735));
#3734=PRESENTATION_STYLE_ASSIGNMENT((#3736));
#3735=SURFACE_STYLE_USAGE(.BOTH.,#3737);
#3736=SURFACE_STYLE_USAGE(.BOTH.,#3738);
#3737=SURFACE_SIDE_STYLE('',(#3739));
#3738=SURFACE_SIDE_STYLE('',(#3740));
#3739=SURFACE_STYLE_FILL_AREA(#3741);
#3740=SURFACE_STYLE_FILL_AREA(#3742);
#3741=FILL_AREA_STYLE('Acier - Satin\X\E9',(#3743));
#3742=FILL_AREA_STYLE('Opaque(177,177,177)',(#3744));
#3743=FILL_AREA_STYLE_COLOUR('Acier - Satin\X\E9',#3745);
#3744=FILL_AREA_STYLE_COLOUR('Opaque(177,177,177)',#3746);
#3745=COLOUR_RGB('Acier - Satin\X\E9',0.627450980392157,0.627450980392157,
0.627450980392157);
#3746=COLOUR_RGB('Opaque(177,177,177)',0.694117647058824,0.694117647058824,
0.694117647058824);
ENDSEC;
END-ISO-10303-21;
